ID	CONCEPT	DOCULECT	COUNTERPART	TOKENS
2394	1SG pronoun	Toro_Tegu	mí	m í
2395	1SG pronoun	Toro_Tegu	m̀ᵇí	m̀ í
2396	1SG pronoun	Bangime	mí	m í
2397	1SG pronoun	Sangha_So	mú	m ú
2398	1SG pronoun	Ben_Tey	í	í
2399	1SG pronoun	Bankan_Tey	í	í
2400	1SG pronoun	Nanga	ǐ:ⁿ	ǐːⁿ
2401	1SG pronoun	Jamsay_Douentza	mí	m í
2402	1SG pronoun	Perge_Tegu	mí	m í
2403	1SG pronoun	Jamsay_Mondoro	mí	m í
2404	1SG pronoun	Togo_Kan	íⁿ	íⁿ
2405	1SG pronoun	Yorno_So	mú	m ú
2406	1SG pronoun	Tomo_Kan_Segue	mí	m í
2407	1SG pronoun	Tomo_Kan_Diangassagou	mí	m í
2408	1SG pronoun	Tommo_So	mí	m í
2409	1SG pronoun	Dogul_Dom	mí	m í
2410	1SG pronoun	Tebul_Ure	mí	m í
2411	1SG pronoun	Yanda_Dom	mí	m í
2412	1SG pronoun	Najamba	mí	m í
2413	1SG pronoun	Tiranige	míwⁿ	m í wⁿ
2414	1SG pronoun	Tiranige	mì	m ì
2415	1SG pronoun	Mombo	mí:	m íː
2416	1SG pronoun	Ampari	mi	m i
2417	1SG pronoun	Bunoge	mì	m ì
2418	1SG pronoun	Penange	mí	m í
2419	2SG pronoun	Toro_Tegu	ú	ú
2420	2SG pronoun	Bangime	à	à
2421	2SG pronoun	Sangha_So	ú	ú
2422	2SG pronoun	Ben_Tey	ú	ú
2423	2SG pronoun	Bankan_Tey	ú	ú
2424	2SG pronoun	Nanga	ú	ú
2425	2SG pronoun	Jamsay_Douentza	ú	ú
2426	2SG pronoun	Perge_Tegu	ú	ú
2427	2SG pronoun	Jamsay_Mondoro	í	í
2428	2SG pronoun	Togo_Kan	ú	ú
2429	2SG pronoun	Yorno_So	ú	ú
2430	2SG pronoun	Tomo_Kan_Segue	á	á
2431	2SG pronoun	Tomo_Kan_Diangassagou	á	á
2432	2SG pronoun	Tommo_So	ú	ú
2433	2SG pronoun	Dogul_Dom	ó	ó
2434	2SG pronoun	Tebul_Ure	ú	ú
2435	2SG pronoun	Yanda_Dom	ó	ó
2436	2SG pronoun	Najamba	ó	ó
2437	2SG pronoun	Tiranige	ó:	óː
2438	2SG pronoun	Tiranige	ò	ò
2439	2SG pronoun	Mombo	ó:	óː
2440	2SG pronoun	Ampari	ó	ó
2441	2SG pronoun	Bunoge	ò	ò
2442	2SG pronoun	Penange	ó	ó
2443	3SG pronoun	Bangime	mì	m ì
2444	3SG pronoun	Sangha_So	wó	w ó
2445	3SG pronoun	Bankan_Tey	ɛ́rⁿɛ́	ɛ́ rⁿ ɛ́
2446	3SG pronoun	Jamsay_Mondoro	ú	ú
2447	3SG pronoun	Tommo_So	wó	w ó
2448	3SG pronoun	Dogul_Dom	í	í
2449	3SG pronoun	Yanda_Dom	ná	n á
2450	3SG pronoun	Mombo	ɛ́:	ɛ́ː
2451	3SG pronoun	Ampari	á	á
2452	3SG pronoun	Bunoge	ǎwⁿ	ǎ wⁿ
2453	3SG pronoun	Penange	ɔ̀nɔ̀	ɔ̀ n ɔ̀
395	arm, hand	Toro_Tegu	lɔ̀tɔ́	l ɔ̀ t ɔ́
396	arm, hand	Bangime	nníí	n n íː
397	arm, hand	Sangha_So	nɔ́ɔ́	n ɔ́ː
398	arm, hand	Sangha_So	nùwⁿɔ́	n ù wⁿ ɔ́
399	arm, hand	Sangha_So	nùmɔ́	n ù m ɔ́
400	arm, hand	Ben_Tey	nǎ:	n ǎː
401	arm, hand	Bankan_Tey	nǎ:	n ǎː
402	arm, hand	Nanga	nǎ:	n ǎː
403	arm, hand	Jamsay_Douentza	nùmó	n ù m ó
404	arm, hand	Perge_Tegu	nùwⁿó	n ù wⁿ ó
405	arm, hand	Jamsay_Mondoro	nùmɔ́	n ù m ɔ́
406	arm, hand	Yorno_So	nǒyⁿ	n ǒ jⁿ
407	arm, hand	Tomo_Kan_Segue	nùmàcàndà	n ù m à tʃ à n d à
408	arm, hand	Tomo_Kan_Diangassagou	nùmàtàgà	n ù m à t à ɡ à
409	arm, hand	Tommo_So	nùmɔ́	n ù m ɔ́
410	arm, hand	Dogul_Dom	nùmɔ́	n ù m ɔ́
411	arm, hand	Tebul_Ure	nùmǎ:	n ù m ǎː
412	arm, hand	Yanda_Dom	nùmà	n ù m à
413	arm, hand	Najamba	nùmǎ:	n ù m ǎː
414	arm, hand	Najamba	nùmɛ̌:	n ù m ɛ̌ː
415	arm, hand	Tiranige	númá	n ú m á
416	arm, hand	Ampari	nùmá	n ù m á
417	arm, hand	Bunoge	númɛ̀	n ú m ɛ̀
418	arm, hand	Penange	nwɛ̀:	n w ɛ̀ː
419	arm, hand	Penange	nɛ̀:	n ɛ̀ː
420	arm, hand	Toro_Tegu	lɔ́	l ɔ́
421	arm, hand	Bangime	nnìì	n n ìː
422	arm, hand	Sangha_So	nɔ́ɔ́	n ɔ́ː
423	arm, hand	Sangha_So	nùmɔ́	n ù m ɔ́
424	arm, hand	Ben_Tey	nǎ:	n ǎː
425	arm, hand	Bankan_Tey	nǎ:	n ǎː
426	arm, hand	Nanga	nǎ:	n ǎː
427	arm, hand	Jamsay_Douentza	nùmó	n ù m ó
428	arm, hand	Perge_Tegu	nùwⁿó	n ù wⁿ ó
429	arm, hand	Yorno_So	nǒyⁿ	n ǒ jⁿ
430	arm, hand	Tommo_So	nùmɔ́	n ù m ɔ́
431	arm, hand	Dogul_Dom	nùmɔ́	n ù m ɔ́
432	arm, hand	Tebul_Ure	nùmǎ:	n ù m ǎː
433	arm, hand	Yanda_Dom	nùmà	n ù m à
434	arm, hand	Najamba	nùmǎ:	n ù m ǎː
435	arm, hand	Najamba	nùmɛ̌:	n ù m ɛ̌ː
436	arm, hand	Tiranige	númá	n ú m á
437	arm, hand	Bunoge	númɛ̀	n ú m ɛ̀
438	arm, hand	Toro_Tegu	lɔ́	l ɔ́
439	arm, hand	Bangime	nníí	n n íː
440	arm, hand	Sangha_So	nɔ́ɔ́	n ɔ́ː
441	arm, hand	Sangha_So	nùwⁿɔ́	n ù wⁿ ɔ́
442	arm, hand	Sangha_So	nùmɔ́	n ù m ɔ́
443	arm, hand	Ben_Tey	nǎ:	n ǎː
444	arm, hand	Bankan_Tey	nǎ:	n ǎː
445	arm, hand	Nanga	nǎ:	n ǎː
446	arm, hand	Jamsay_Douentza	nùmó	n ù m ó
447	arm, hand	Perge_Tegu	nùwⁿó	n ù wⁿ ó
448	arm, hand	Gourou	nùmó	n ù m ó
449	arm, hand	Togo_Kan	nùmɔ́	n ù m ɔ́
450	arm, hand	Yorno_So	nǒyⁿ	n ǒ jⁿ
451	arm, hand	Tomo_Kan_Segue	nùmà	n ù m à
452	arm, hand	Tomo_Kan_Diangassagou	nùmà	n ù m à
453	arm, hand	Tommo_So	nùmɔ́	n ù m ɔ́
454	arm, hand	Dogul_Dom	nùmɔ́	n ù m ɔ́
455	arm, hand	Tebul_Ure	nùmǎ:	n ù m ǎː
456	arm, hand	Yanda_Dom	nùmà	n ù m à
457	arm, hand	Najamba	nùmǎ:	n ù m ǎː
458	arm, hand	Najamba	nùmɛ̌:	n ù m ɛ̌ː
459	arm, hand	Tiranige	númá	n ú m á
460	arm, hand	Mombo	nɛ̂:	n ɛ̂ː
461	arm, hand	Mombo	nwɛ̂:	n w ɛ̂ː
1121	ash	Toro_Tegu	dòwⁿòsú	d ò wⁿ ò s ú
1122	ash	Bangime	túɥɛ̀	t ú ɥ ɛ̀
1123	ash	Sangha_So	únɔ́	ú n ɔ́
1124	ash	Ben_Tey	dɔ̀yⁿɔ̌yⁿ	d ɔ̀ jⁿ ɔ̌ jⁿ
1125	ash	Bankan_Tey	dɔ̀yⁿɔ̌yⁿ	d ɔ̀ jⁿ ɔ̌ jⁿ
1126	ash	Nanga	dùyá	d ù j á
1127	ash	Jamsay_Douentza	dɔ̀yⁿɔ́	d ɔ̀ jⁿ ɔ́
1128	ash	Perge_Tegu	dɔ̀yⁿɔ́	d ɔ̀ jⁿ ɔ́
1129	ash	Gourou	ɛ́:rⁿɛ̀	ɛ́ː rⁿ ɛ̀
1130	ash	Togo_Kan	dɔ̀yⁿɛ́	d ɔ̀ jⁿ ɛ́
1131	ash	Yorno_So	únɔ̀	ú n ɔ̀
1132	ash	Tomo_Kan_Segue	dwɛ́ⁿ	d w ɛ́ⁿ
1133	ash	Tommo_So	ɔ́índɛ́	ɔ́ í n d ɛ́
1134	ash	Tommo_So	úndɔ́	ú n d ɔ́
1135	ash	Dogul_Dom	dɔ́ɔ̀	d ɔ̂ː
1136	ash	Tebul_Ure	dɔ̀ɛ́	d ɔ̀ ɛ́
1137	ash	Yanda_Dom	dɔ̀yⁿɛ̀	d ɔ̀ jⁿ ɛ̀
1138	ash	Najamba	dɔ̀dɛ̌:ŋgó	d ɔ̀ d ɛ̌ː ŋ ɡ ó
1139	ash	Najamba	dɔ̀dɛ̌:	d ɔ̀ d ɛ̌ː
1140	ash	Tiranige	dwɛ́:	d w ɛ́ː
1141	ash	Mombo	dwɛ̂:	d w ɛ̂ː
1142	ash	Ampari	dɔ̀:yé	d ɔ̀ː j é
1143	ash	Bunoge	díwɔ̀	d í w ɔ̀
1144	ash	Penange	dwɛ̀:	d w ɛ̀ː
290	back	Toro_Tegu	tùŋɔ́	t ù ŋ ɔ́
291	back	Bangime	ɡĩ̀ĩ́	ɡ ǐːⁿ
292	back	Sangha_So	ònú	ò n ú
293	back	Ben_Tey	tùlùkɛ́lɛ̀	t ù l ù k ɛ́ l ɛ̀
294	back	Bankan_Tey	tùndú	t ù n d ú
295	back	Bankan_Tey	tùndù kɛ́ndɛ̀	t ù n d ù # k ɛ́ n d ɛ̀
296	back	Nanga	tùndù bìrⁿɛ́	t ù n d ù # b ì rⁿ ɛ́
297	back	Jamsay_Douentza	gǔn	ɡ ǔ n
298	back	Jamsay_Douentza	gùncɛ́nɛ́	ɡ ù n tʃ ɛ́ n ɛ́
299	back	Perge_Tegu	tùrkɛ́lɛ́	t ù r k ɛ́ l ɛ́
300	back	Gourou	gùn kɛ́nɛ́	ɡ ù n # k ɛ́ n ɛ́
301	back	Jamsay_Mondoro	gùncɛ́nɛ́	ɡ ù n tʃ ɛ́ n ɛ́
302	back	Togo_Kan	dògòkɛ́nɛ́	d ò ɡ ò k ɛ́ n ɛ́
303	back	Yorno_So	ònɔ́	ò n ɔ́
304	back	Tomo_Kan_Segue	dùgòlò	d ù ɡ ò l ò
305	back	Tomo_Kan_Diangassagou	dògòlò	d ò ɡ ò l ò
306	back	Tommo_So	ònnú	ò n n ú
307	back	Dogul_Dom	ǹdóŋ	ǹ d ó ŋ
308	back	Tebul_Ure	kúndúgó	k ú n d ú ɡ ó
309	back	Yanda_Dom	tùnù	t ù n ù
310	back	Najamba	bàndíŋgé	b à n d í ŋ ɡ é
311	back	Najamba	bàndí	b à n d í
312	back	Tiranige	kùŋgù	k ù ŋ ɡ ù
313	back	Mombo	túndú	t ú n d ú
314	back	Bunoge	pùmbù	p ù m b ù
315	back	Penange	túndú	t ú n d ú
1412	big	Toro_Tegu	sɛ́w	s ɛ́ w
1413	big	Toro_Tegu	ná:	n áː
1414	big	Bangime	bɔr̃o	b ɔ rⁿ o
1415	big	Bangime	boɡo	b o ɡ o
1416	big	Sangha_So	póó	p óː
1417	big	Sangha_So	gáá	ɡ áː
1418	big	Sangha_So	dìjɛ́	d ì dʒ ɛ́
1419	big	Ben_Tey	díyⁿàw	d í jⁿ à w
1420	big	Ben_Tey	díyⁿàm	d í jⁿ à m
1421	big	Ben_Tey	díyⁿà	d í jⁿ à
1422	big	Bankan_Tey	díyⁿàwⁿ	d í jⁿ à wⁿ
1423	big	Bankan_Tey	díyⁿàm	d í jⁿ à m
1424	big	Nanga	dùgí	d ù ɡ í
1425	big	Jamsay_Douentza	gàrá	ɡ à r á
1426	big	Perge_Tegu	démbéré	d é m b é r é
1427	big	Gourou	gàrá	ɡ à r á
1428	big	Jamsay_Mondoro	gàrá	ɡ à r á
1429	big	Togo_Kan	káŋ	k á ŋ
1430	big	Togo_Kan	márⁿá	m á rⁿ á
1431	big	Togo_Kan	gàrá	ɡ à r á
1432	big	Yorno_So	dùgú	d ù ɡ ú
1433	big	Yorno_So	dɛ̂:	d ɛ̂ː
1434	big	Tommo_So	póó	p óː
1435	big	Tommo_So	gáá	ɡ áː
1436	big	Tommo_So	díɛ́	d í ɛ́
1437	big	Dogul_Dom	bìnú	b ì n ú
1438	big	Tebul_Ure	dɛ́	d ɛ́
1439	big	Tebul_Ure	dɛ́ŋgɛ́	d ɛ́ ŋ ɡ ɛ́
1440	big	Tebul_Ure	dɛ́mbɔ́	d ɛ́ m b ɔ́
1441	big	Tebul_Ure	bìné:	b ì n éː
1442	big	Tebul_Ure	bǐnmbɔ́	b ǐ n m b ɔ́
1443	big	Yanda_Dom	dìyá	d ì j á
1444	big	Najamba	gìndɔ́:	ɡ ì n d ɔ́ː
1445	big	Najamba	gìndɛ́:	ɡ ì n d ɛ́ː
1446	big	Tiranige	báy	b á j
1447	big	Mombo	bâyⁿ	b â jⁿ
1448	big	Ampari	dògò	d ò ɡ ò
1449	big	Bunoge	bàyⁿ	b à jⁿ
1450	big	Bunoge	bìgì	b ì ɡ ì
1451	big	Penange	bàyⁿ	b à jⁿ
33	bird	Toro_Tegu	sǎy	s ǎ j
34	bird	Bangime	dɔ́réɛ̀	d ɔ́ r é ɛ̀
35	bird	Sangha_So	sàsáá	s à s áː
36	bird	Ben_Tey	nì:yⁿîm	n ìː jⁿ î m
37	bird	Ben_Tey	nì:yⁿî:	n ìː jⁿ îː
38	bird	Bankan_Tey	nǐ:m	n ǐː m
39	bird	Bankan_Tey	nǐ:	n ǐː
40	bird	Nanga	lì:gí	l ìː ɡ í
41	bird	Jamsay_Douentza	sà:jî:ⁿ	s àː dʒ îːⁿ
42	bird	Jamsay_Douentza	sàjú	s à dʒ ú
43	bird	Perge_Tegu	sàsǎy	s à s ǎ j
44	bird	Jamsay_Mondoro	sàjú	s à dʒ ú
45	bird	Togo_Kan	sàjú	s à dʒ ú
46	bird	Yorno_So	sìsǎ:	s ì s ǎː
47	bird	Tomo_Kan_Segue	sàjù	s à dʒ ù
48	bird	Tomo_Kan_Diangassagou	sàjù	s à dʒ ù
49	bird	Tommo_So	sàdàá	s à d ǎː
50	bird	Dogul_Dom	lègèègú	l è ɡ èː ɡ ú
51	bird	Dogul_Dom	nègèègú	n è ɡ èː ɡ ú
52	bird	Tebul_Ure	àdé	à d é
53	bird	Tebul_Ure	àdùmbó	à d ù m b ó
54	bird	Yanda_Dom	àɲàn	à ɲ à n
55	bird	Yanda_Dom	mù	m ù
56	bird	Najamba	nǐ:	n ǐː
57	bird	Najamba	nì:mbó	n ìː m b ó
58	bird	Tiranige	níyè	n í j è
59	bird	Mombo	ìní	ì n í
60	bird	Bunoge	ní:bè	n íː b è
61	bird	Penange	nèjjé	n è dʒ dʒ é
1919	bitter	Toro_Tegu	gòlú	ɡ ò l ú
1920	bitter	Bangime	sĩ́ĩ̀	s îːⁿ
1921	bitter	Ben_Tey	gárìm	ɡ á r ì m
1922	bitter	Ben_Tey	gárùm	ɡ á r ù m
1923	bitter	Bankan_Tey	gàrǔm	ɡ à r ǔ m
1924	bitter	Nanga	gárî	ɡ á r î
1925	bitter	Jamsay_Douentza	jé:rù	dʒ éː r ù
1926	bitter	Perge_Tegu	gérù	ɡ é r ù
1927	bitter	Gourou	gé:rù	ɡ éː r ù
1928	bitter	Jamsay_Mondoro	jé:rù	dʒ éː r ù
1929	bitter	Togo_Kan	kágárá	k á ɡ á r á
1930	bitter	Yorno_So	gálàl	ɡ á l à l
1931	bitter	Tommo_So	gálálú	ɡ á l á l ú
1932	bitter	Dogul_Dom	gállá	ɡ á l l á
1933	bitter	Yanda_Dom	gàl	ɡ à l
1934	bitter	Najamba	gàlíyè	ɡ à l í j è
1935	bitter	Najamba	gàlúŋgò	ɡ à l ú ŋ ɡ ò
1936	bitter	Mombo	kárákárá kánní	k á r á k á r á # k á n n í
1937	bitter	Bunoge	kàrkàrgà	k à r k à r ɡ à
1938	bitter	Penange	kárákárá	k á r á k á r á
1939	bitter	Penange	gà:là	ɡ àː l à
2188	black	Toro_Tegu	jɛ́m	dʒ ɛ́ m
2189	black	Bangime	póɔ́rè	p ó ɔ́ r è
2190	black	Sangha_So	gɛ́wⁿ	ɡ ɛ́ wⁿ
2191	black	Ben_Tey	jéwⁿèwⁿ	dʒ é wⁿ è wⁿ
2192	black	Ben_Tey	jéwⁿèm	dʒ é wⁿ è m
2193	black	Ben_Tey	jéwⁿèyè	dʒ é wⁿ è j è
2194	black	Bankan_Tey	jɛ̀mɛ̂yⁿ	dʒ ɛ̀ m ɛ̂ jⁿ
2195	black	Nanga	jɛ́mí	dʒ ɛ́ m í
2196	black	Jamsay_Douentza	jɛ́m	dʒ ɛ́ m
2197	black	Perge_Tegu	jém	dʒ é m
2198	black	Gourou	gɛ́m	ɡ ɛ́ m
2199	black	Jamsay_Mondoro	jɛ́m	dʒ ɛ́ m
2200	black	Togo_Kan	gɛ́ⁿ	ɡ ɛ́ⁿ
2201	black	Yorno_So	gɛ́m	ɡ ɛ́ m
2202	black	Tommo_So	gɛ́m	ɡ ɛ́ m
2203	black	Dogul_Dom	gɛ́mɛ̀ŋ	ɡ ɛ́ m ɛ̀ ŋ
2204	black	Tebul_Ure	jɛ́mɛ̀:	dʒ ɛ́ m ɛ̀ː
2205	black	Tebul_Ure	jɛ́mbɔ̀	dʒ ɛ́ m b ɔ̀
2206	black	Tebul_Ure	jɛ́mgɔ̀	dʒ ɛ́ m ɡ ɔ̀
2207	black	Yanda_Dom	jèmɛ́	dʒ è m ɛ́
2208	black	Najamba	jɛ́mɛ̀	dʒ ɛ́ m ɛ̀
2209	black	Najamba	jɛ́mɛ̀ŋgò	dʒ ɛ́ m ɛ̀ ŋ ɡ ò
2210	black	Tiranige	jɛ́mɛ́	dʒ ɛ́ m ɛ́
2211	black	Mombo	wɛ́rɛ́dɛ́	w ɛ́ r ɛ́ d ɛ́
2212	black	Ampari	kòrò	k ò r ò
2213	black	Bunoge	yɔ̀:lɛ̀	j ɔ̀ː l ɛ̀
2214	black	Penange	yɔ̀rdɛ̀	j ɔ̀ r d ɛ̀
216	blood	Toro_Tegu	néŋ	n é ŋ
217	blood	Bangime	ʒíì	ʒ îː
218	blood	Sangha_So	ìlí	ì l í
219	blood	Ben_Tey	gòŋgòró	ɡ ò ŋ ɡ ò r ó
220	blood	Bankan_Tey	gòŋgòró	ɡ ò ŋ ɡ ò r ó
221	blood	Nanga	gòndùgó	ɡ ò n d ù ɡ ó
222	blood	Jamsay_Douentza	nɛ̂yⁿ	n ɛ̂ jⁿ
223	blood	Perge_Tegu	nɛ̂m	n ɛ̂ m
224	blood	Gourou	nɛ̂yⁿ	n ɛ̂ jⁿ
225	blood	Jamsay_Mondoro	nɛ̂yⁿ	n ɛ̂ jⁿ
226	blood	Togo_Kan	nɛ́	n ɛ́
227	blood	Yorno_So	ìllî:	ì l l îː
228	blood	Tomo_Kan_Segue	ɲí:	ɲ íː
229	blood	Tomo_Kan_Diangassagou	ní:	n íː
230	blood	Tommo_So	ìlìyé	ì l ì j é
231	blood	Dogul_Dom	gìŋɛ̀nɛ́	ɡ ì ŋ ɛ̀ n ɛ́
232	blood	Tebul_Ure	jènjé	dʒ è n dʒ é
233	blood	Yanda_Dom	jènjù	dʒ è n dʒ ù
234	blood	Najamba	gěngé	ɡ ě n ɡ é
235	blood	Najamba	gěn	ɡ ě n
236	blood	Tiranige	jé:ŋgé	dʒ éː ŋ ɡ é
237	blood	Mombo	gè:ŋgé	ɡ èː ŋ ɡ é
238	blood	Ampari	àgà	à ɡ à
239	blood	Bunoge	bàbà	b à b à
240	blood	Penange	bàgà	b à ɡ à
316	bone	Toro_Tegu	cìrá	tʃ ì r á
317	bone	Bangime	n nɔ́ɔ́rɛ̀	n # n ɔ́ː r ɛ̀
318	bone	Sangha_So	kíí	k íː
319	bone	Ben_Tey	cìrⁿɛ̌yⁿ	tʃ ì rⁿ ɛ̌ jⁿ
320	bone	Bankan_Tey	kìrⁿěy	k ì rⁿ ě j
321	bone	Nanga	kìrⁿá	k ì rⁿ á
322	bone	Jamsay_Douentza	cìrⁿé	tʃ ì rⁿ é
323	bone	Perge_Tegu	kìrⁿé	k ì rⁿ é
324	bone	Gourou	kìrⁿé	k ì rⁿ é
325	bone	Jamsay_Mondoro	cìrⁿé	tʃ ì rⁿ é
326	bone	Togo_Kan	kìrⁿí	k ì rⁿ í
327	bone	Yorno_So	kǐ:	k ǐː
328	bone	Tomo_Kan_Segue	cìlɛ̀	tʃ ì l ɛ̀
329	bone	Tomo_Kan_Diangassagou	cìlɛ̀	tʃ ì l ɛ̀
330	bone	Tommo_So	kìyé	k ì j é
331	bone	Dogul_Dom	kɛ́nɛ́	k ɛ́ n ɛ́
332	bone	Tebul_Ure	cìnǎ:	tʃ ì n ǎː
333	bone	Yanda_Dom	kìrⁿà	k ì rⁿ à
334	bone	Najamba	kìnáŋgó	k ì n á ŋ ɡ ó
335	bone	Najamba	kìná	k ì n á
336	bone	Tiranige	cíní	tʃ í n í
337	bone	Mombo	gà:wⁿě:	ɡ àː wⁿ ěː
338	bone	Ampari	gà:wá	ɡ àː w á
339	bone	Bunoge	gá:yè	ɡ áː j è
340	bone	Penange	gɔ̀:gɛ̀	ɡ ɔ̀ː ɡ ɛ̀
266	breast	Toro_Tegu	írù	í r ù
267	breast	Bangime	súɥɛ̀	s ú ɥ ɛ̀
268	breast	Sangha_So	írú	í r ú
269	breast	Ben_Tey	írù	í r ù
270	breast	Bankan_Tey	úrù	ú r ù
271	breast	Nanga	úrî	ú r î
272	breast	Jamsay_Douentza	írù	í r ù
273	breast	Perge_Tegu	ɛ̂m	ɛ̂ m
274	breast	Gourou	írù	í r ù
275	breast	Togo_Kan	írí	í r í
276	breast	Yorno_So	írù	í r ù
277	breast	Tomo_Kan_Segue	ʔìrí	ʔ ì r í
278	breast	Tomo_Kan_Diangassagou	ìrí:	ì r íː
279	breast	Tommo_So	írú	í r ú
280	breast	Dogul_Dom	ɲ́jù	ɲ́ dʒ ù
281	breast	Tebul_Ure	ɛ́mnɛ́	ɛ́ m n ɛ́
282	breast	Yanda_Dom	ɛ́mɛ́	ɛ́ m ɛ́
283	breast	Najamba	ónjù:	ó n dʒ ùː
284	breast	Najamba	ónjì:	ó n dʒ ìː
285	breast	Tiranige	ùnjìgè	ù n dʒ ì ɡ è
286	breast	Mombo	ógyé	ó ɡ j é
287	breast	Ampari	èsè	è s è
288	breast	Bunoge	ʔójjè	ʔ ó dʒ dʒ è
289	breast	Penange	éjjé	é dʒ dʒ é
86	child (enfant)	Toro_Tegu	ìrⁿú	ì rⁿ ú
87	child (enfant)	Toro_Tegu	ìmú	ì m ú
88	child (enfant)	Toro_Tegu	ǐm	ǐ m
89	child (enfant)	Toro_Tegu	ìrⁿí:	ì rⁿ íː
90	child (enfant)	Toro_Tegu	ìmí:	ì m íː
91	child (enfant)	Bangime	bìjɛ́	b ì dʒ ɛ́
92	child (enfant)	Bangime	jàámbɛ̀	dʒ ǎː m b ɛ̀
93	child (enfant)	Sangha_So	àjní	à dʒ n í
94	child (enfant)	Sangha_So	àrⁿù úrⁿúŋ	à rⁿ ù # ú rⁿ ú ŋ
95	child (enfant)	Sangha_So	úrⁿú	ú rⁿ ú
96	child (enfant)	Ben_Tey	yím	j í m
97	child (enfant)	Ben_Tey	yìtɛ᷈:	j ì t ɛ᷈ː
98	child (enfant)	Bankan_Tey	yím	j í m
99	child (enfant)	Bankan_Tey	yì:tɛ̂:	j ìː t ɛ̂ː
100	child (enfant)	Nanga	yî:	j îː
101	child (enfant)	Nanga	yìtɛ̀gɛ̂	j ì t ɛ̀ ɡ ɛ̂
102	child (enfant)	Jamsay_Douentza	în	î n
103	child (enfant)	Jamsay_Douentza	úrⁿùm	ú rⁿ ù m
104	child (enfant)	Perge_Tegu	î:ⁿ	îːⁿ
105	child (enfant)	Perge_Tegu	ímbèm	í m b è m
106	child (enfant)	Gourou	în	î n
107	child (enfant)	Gourou	ùrûm	ù r û m
108	child (enfant)	Jamsay_Mondoro	în	î n
109	child (enfant)	Jamsay_Mondoro	úrⁿùm	ú rⁿ ù m
110	child (enfant)	Togo_Kan	í:ⁿ	íːⁿ
111	child (enfant)	Togo_Kan	úrⁿí:	ú rⁿ íː
112	child (enfant)	Yorno_So	î:	îː
113	child (enfant)	Tomo_Kan_Segue	ʔìrⁿú	ʔ ì rⁿ ú
114	child (enfant)	Tomo_Kan_Segue	ʔìrⁿú wé	ʔ ì rⁿ ú # w é
115	child (enfant)	Tomo_Kan_Segue	ʔíwⁿ	ʔ í wⁿ
116	child (enfant)	Tomo_Kan_Diangassagou	ʔì:ⁿ	ʔ ìːⁿ
117	child (enfant)	Tomo_Kan_Diangassagou	ʔùnù wé	ʔ ù n ù # w é
118	child (enfant)	Tommo_So	íí	íː
119	child (enfant)	Tommo_So	úlùm	ú l ù m
120	child (enfant)	Dogul_Dom	égù	é ɡ ù
121	child (enfant)	Dogul_Dom	éég	éː ɡ
122	child (enfant)	Dogul_Dom	ég	é ɡ
123	child (enfant)	Tebul_Ure	ɛ̀dɛ́	ɛ̀ d ɛ́
124	child (enfant)	Tebul_Ure	úlé:	ú l éː
125	child (enfant)	Yanda_Dom	ènè	è n è
126	child (enfant)	Yanda_Dom	èné	è n é
127	child (enfant)	Najamba	èndê:	è n d êː
128	child (enfant)	Najamba	òndô:	ò n d ôː
129	child (enfant)	Tiranige	bé:	b éː
130	child (enfant)	Tiranige	bégé	b é ɡ é
131	child (enfant)	Mombo	wê:	w êː
132	child (enfant)	Ampari	bé:	b éː
133	child (enfant)	Bunoge	bé	b é
134	child (enfant)	Penange	wè:	w èː
1	dog	Toro_Tegu	nènú	n è n ú
2	dog	Bangime	kùrɛ̀mɛ́	k ù r ɛ̀ m ɛ́
3	dog	Bangime	kùrìjɛ̀ɛ́	k ù r ì dʒ ɛ̌ː
4	dog	Sangha_So	ìðú	ì ð ú
5	dog	Ben_Tey	ìnjɛ̌m	ì n dʒ ɛ̌ m
6	dog	Ben_Tey	ìnjɛ́	ì n dʒ ɛ́
7	dog	Bankan_Tey	ǹjèrûm	ǹ dʒ è r û m
8	dog	Bankan_Tey	ǹjèrú	ǹ dʒ è r ú
9	dog	Nanga	nɛ̀rⁿî	n ɛ̀ rⁿ î
10	dog	Jamsay_Douentza	ìjú	ì dʒ ú
11	dog	Perge_Tegu	ìšú	ì ʃ ú
12	dog	Gourou	ìzú	ì z ú
13	dog	Jamsay_Mondoro	ìjú	ì dʒ ú
14	dog	Togo_Kan	ìsí	ì s í
15	dog	Yorno_So	ìjú	ì dʒ ú
16	dog	Tomo_Kan_Segue	ʔùjù	ʔ ù dʒ ù
17	dog	Tomo_Kan_Diangassagou	ùjù	ù dʒ ù
18	dog	Tommo_So	ìsé	ì s é
19	dog	Dogul_Dom	úŋɔ̀	ú ŋ ɔ̀
20	dog	Tebul_Ure	ìnjɛ̌:	ì n dʒ ɛ̌ː
21	dog	Tebul_Ure	ìnjɛ̀mbɔ́	ì n dʒ ɛ̀ m b ɔ́
22	dog	Yanda_Dom	ìnjɛ̀	ì n dʒ ɛ̀
23	dog	Yanda_Dom	mù	m ù
24	dog	Yanda_Dom	ǹjɛ̀	ǹ dʒ ɛ̀
25	dog	Yanda_Dom	mù	m ù
26	dog	Najamba	ŋ̀gwɛ̌:	ŋ̀ ɡ w ɛ̌ː
27	dog	Najamba	ŋ̀gwɛ̀:mbó	ŋ̀ ɡ w ɛ̀ː m b ó
28	dog	Tiranige	í:njɛ́	íː n dʒ ɛ́
29	dog	Mombo	ínjɛ̀	í n dʒ ɛ̀
30	dog	Ampari	ìjɛ́	ì dʒ ɛ́
31	dog	Bunoge	ʔínjɛ̀	ʔ í n dʒ ɛ̀
32	dog	Penange	ŋkɛ̀	ŋ k ɛ̀
553	ear	Toro_Tegu	súgúrú	s ú ɡ ú r ú
554	ear	Bangime	táŋá	t á ŋ á
555	ear	Sangha_So	súgúrú	s ú ɡ ú r ú
556	ear	Ben_Tey	sú:rⁿù	s úː rⁿ ù
557	ear	Bankan_Tey	sûn	s û n
558	ear	Nanga	súŋúrⁿì	s ú ŋ ú rⁿ ì
559	ear	Jamsay_Douentza	sûn	s û n
560	ear	Perge_Tegu	súŋúrⁿù	s ú ŋ ú rⁿ ù
561	ear	Gourou	súŋùn	s ú ŋ ù n
562	ear	Jamsay_Mondoro	sûn	s û n
563	ear	Togo_Kan	súgúrú	s ú ɡ ú r ú
564	ear	Yorno_So	súgùrù	s ú ɡ ù r ù
565	ear	Tomo_Kan_Segue	sùgú	s ù ɡ ú
566	ear	Tomo_Kan_Diangassagou	súgú	s ú ɡ ú
567	ear	Tommo_So	súgúlú	s ú ɡ ú l ú
568	ear	Dogul_Dom	súŋùnù	s ú ŋ ù n ù
569	ear	Tebul_Ure	súrⁿó	s ú rⁿ ó
570	ear	Yanda_Dom	sún	s ú n
571	ear	Najamba	súnù:	s ú n ùː
572	ear	Najamba	súnì:	s ú n ìː
573	ear	Tiranige	sùŋùnù	s ù ŋ ù n ù
574	ear	Mombo	súgúlí	s ú ɡ ú l í
575	ear	Mombo	súgúlí kìjìkìjì	s ú ɡ ú l í # k ì dʒ ì k ì dʒ ì
576	ear	Ampari	sùgùrù	s ù ɡ ù r ù
577	ear	Bunoge	sùgùlè	s ù ɡ ù l è
578	ear	Penange	súgúlyè	s ú ɡ ú l j è
62	egg	Toro_Tegu	tàrú	t à r ú
63	egg	Bangime	kúùⁿ	k ûːⁿ
64	egg	Sangha_So	tárú	t á r ú
65	egg	Ben_Tey	tàrî:	t à r îː
66	egg	Bankan_Tey	tàrî:	t à r îː
67	egg	Nanga	tà:rî	t àː r î
68	egg	Jamsay_Douentza	tárú	t á r ú
69	egg	Perge_Tegu	tárú	t á r ú
70	egg	Gourou	tárú	t á r ú
71	egg	Togo_Kan	tárú	t á r ú
72	egg	Yorno_So	tâl	t â l
73	egg	Tomo_Kan_Segue	táw	t á w
74	egg	Tomo_Kan_Diangassagou	táw	t á w
75	egg	Tommo_So	tálú	t á l ú
76	egg	Dogul_Dom	púlɔ̀	p ú l ɔ̀
77	egg	Tebul_Ure	tálɛ́	t á l ɛ́
78	egg	Yanda_Dom	tòl	t ò l
79	egg	Najamba	pǒlŋgó	p ǒ l ŋ ɡ ó
80	egg	Najamba	pòlé	p ò l é
81	egg	Tiranige	pólŋgé	p ó l ŋ ɡ é
82	egg	Mombo	pólè	p ó l è
83	egg	Ampari	pórì	p ó r ì
84	egg	Bunoge	póléŋgè	p ó l é ŋ ɡ è
85	egg	Penange	pòlè	p ò l è
579	eye	Toro_Tegu	jìró	dʒ ì r ó
580	eye	Toro_Tegu	gìró	ɡ ì r ó
581	eye	Bangime	sííbɛ́ɛ̀	s íː b ɛ̂ː
582	eye	Sangha_So	gìrí	ɡ ì r í
583	eye	Sangha_So	gìrú	ɡ ì r ú
584	eye	Ben_Tey	jìré	dʒ ì r é
585	eye	Bankan_Tey	gìré	ɡ ì r é
586	eye	Nanga	gìré	ɡ ì r é
587	eye	Jamsay_Douentza	jìré	dʒ ì r é
588	eye	Perge_Tegu	gìré	ɡ ì r é
589	eye	Gourou	gìré	ɡ ì r é
590	eye	Jamsay_Mondoro	jìré	dʒ ì r é
591	eye	Togo_Kan	gìré	ɡ ì r é
592	eye	Yorno_So	gìrǐ:	ɡ ì r ǐː
593	eye	Tomo_Kan_Segue	jìrí:ⁿ	dʒ ì r íːⁿ
594	eye	Tomo_Kan_Diangassagou	jìrì:ⁿ	dʒ ì r ìːⁿ
595	eye	Tommo_So	gìré	ɡ ì r é
596	eye	Dogul_Dom	gìró	ɡ ì r ó
597	eye	Tebul_Ure	gìré	ɡ ì r é
598	eye	Yanda_Dom	gìdíyè	ɡ ì d í j è
599	eye	Yanda_Dom	gìdè	ɡ ì d è
600	eye	Najamba	gìró	ɡ ì r ó
601	eye	Najamba	gìré	ɡ ì r é
602	eye	Tiranige	jíró	dʒ í r ó
603	eye	Mombo	gírè	ɡ í r è
604	eye	Ampari	gìdó	ɡ ì d ó
605	eye	Bunoge	gírésè	ɡ í r é s è
606	eye	Penange	gìrè	ɡ ì r è
1388	far	Toro_Tegu	wà:gá	w àː ɡ á
1389	far	Bangime	ɥúndù	ɥ ú n d ù
1390	far	Sangha_So	wàgé wɔ́	w à ɡ é # w ɔ́
1391	far	Ben_Tey	wa᷈:w	w a᷈ː w
1392	far	Bankan_Tey	wⁿâ:wⁿ	wⁿ âː wⁿ
1393	far	Nanga	wàgá	w à ɡ á
1394	far	Jamsay_Douentza	wàɣá	w à ɣ á
1395	far	Perge_Tegu	wàgá	w à ɡ á
1396	far	Gourou	wàɣá	w à ɣ á
1397	far	Gourou	wàɣá: kɔ̀	w à ɣ áː # k ɔ̀
1398	far	Jamsay_Mondoro	wàgá	w à ɡ á
1399	far	Togo_Kan	wàgá	w à ɡ á
1400	far	Yorno_So	wàgú	w à ɡ ú
1401	far	Tommo_So	wàgé	w à ɡ é
1402	far	Dogul_Dom	wàgóón	w à ɡ óː n
1403	far	Tebul_Ure	wàgá	w à ɡ á
1404	far	Yanda_Dom	wàjú	w à dʒ ú
1405	far	Najamba	wàgíyè	w à ɡ í j è
1406	far	Najamba	wǎŋgè	w ǎ ŋ ɡ è
1407	far	Tiranige	wágá	w á ɡ á
1408	far	Mombo	wágù	w á ɡ ù
1409	far	Ampari	wàgè	w à ɡ è
1410	far	Bunoge	wàgì	w à ɡ ì
1411	far	Penange	wàgè	w à ɡ è
1095	fire	Toro_Tegu	núwⁿɔ́	n ú wⁿ ɔ́
1096	fire	Bangime	bíréɛ̀	b í r é ɛ̀
1097	fire	Sangha_So	jàwⁿú	dʒ à wⁿ ú
1098	fire	Ben_Tey	go᷈:	ɡ o᷈ː
1099	fire	Bankan_Tey	go᷈:	ɡ o᷈ː
1100	fire	Nanga	go᷈:	ɡ o᷈ː
1101	fire	Jamsay_Douentza	núwⁿó	n ú wⁿ ó
1102	fire	Jamsay_Douentza	núwⁿɔ́	n ú wⁿ ɔ́
1103	fire	Perge_Tegu	núwⁿó	n ú wⁿ ó
1104	fire	Gourou	núwⁿó	n ú wⁿ ó
1105	fire	Jamsay_Mondoro	núwⁿó	n ú wⁿ ó
1106	fire	Togo_Kan	ɲɛ́:	ɲ ɛ́ː
1107	fire	Yorno_So	yǎm	j ǎ m
1108	fire	Tomo_Kan_Segue	ɲá:	ɲ áː
1109	fire	Tommo_So	ɲǎm	ɲ ǎ m
1110	fire	Dogul_Dom	gógó	ɡ ó ɡ ó
1111	fire	Tebul_Ure	gǒ:	ɡ ǒː
1112	fire	Yanda_Dom	gòlò	ɡ ò l ò
1113	fire	Najamba	gólò	ɡ ó l ò
1114	fire	Najamba	gólè	ɡ ó l è
1115	fire	Tiranige	jíyé	dʒ í j é
1116	fire	Mombo	génì	ɡ é n ì
1117	fire	Ampari	gɛ̀nɛ́	ɡ ɛ̀ n ɛ́
1118	fire	Bunoge	génì	ɡ é n ì
1119	fire	Penange	gènì	ɡ è n ì
1120	fire	Penange	gèn	ɡ è n
1024	flesh/meat	Toro_Tegu	nàwⁿá	n à wⁿ á
1025	flesh/meat	Bangime	n ŋǎẁ	n # ŋ ǎ ẁ
1026	flesh/meat	Sangha_So	nàwⁿá	n à wⁿ á
1027	flesh/meat	Ben_Tey	nàwⁿâ:	n à wⁿ âː
1028	flesh/meat	Bankan_Tey	nàmâ:	n à m âː
1029	flesh/meat	Nanga	nàmâ	n à m â
1030	flesh/meat	Jamsay_Douentza	nɔ̀wⁿɔ́	n ɔ̀ wⁿ ɔ́
1031	flesh/meat	Perge_Tegu	nàwⁿá	n à wⁿ á
1032	flesh/meat	Gourou	nɔ̀wⁿɔ́	n ɔ̀ wⁿ ɔ́
1033	flesh/meat	Jamsay_Mondoro	nɔ̀wⁿɔ́	n ɔ̀ wⁿ ɔ́
1034	flesh/meat	Togo_Kan	nɔ̀wⁿɔ́	n ɔ̀ wⁿ ɔ́
1035	flesh/meat	Yorno_So	nàwⁿá	n à wⁿ á
1036	flesh/meat	Tomo_Kan_Segue	nàmà	n à m à
1037	flesh/meat	Tommo_So	nàmá	n à m á
1038	flesh/meat	Dogul_Dom	nàmáá	n à m áː
1039	flesh/meat	Tebul_Ure	nàmá	n à m á
1040	flesh/meat	Yanda_Dom	nàmà	n à m à
1041	flesh/meat	Najamba	nàmâ:	n à m âː
1042	flesh/meat	Najamba	nàmɛ̂:	n à m ɛ̂ː
1043	flesh/meat	Tiranige	námá	n á m á
1044	flesh/meat	Mombo	námà	n á m à
1045	flesh/meat	Ampari	nàmá	n à m á
1046	flesh/meat	Bunoge	námà	n á m à
1047	flesh/meat	Penange	nàmà	n à m à
2322	good	Toro_Tegu	jɛ̀rⁿú	dʒ ɛ̀ rⁿ ú
2323	good	Bangime	ɡáẁⁿ	ɡ á ẁⁿ
2324	good	Ben_Tey	ɛ̀sú	ɛ̀ s ú
2325	good	Ben_Tey	ɛ̀súm	ɛ̀ s ú m
2326	good	Ben_Tey	ɛ̀súyɛ̀	ɛ̀ s ú j ɛ̀
2327	good	Bankan_Tey	ɛ̀súm	ɛ̀ s ú m
2328	good	Bankan_Tey	ɛ̀sú	ɛ̀ s ú
2329	good	Nanga	ɛ̀sí	ɛ̀ s í
2330	good	Jamsay_Douentza	ɛ̀jú	ɛ̀ dʒ ú
2331	good	Perge_Tegu	ɛ̀sú	ɛ̀ s ú
2332	good	Gourou	ɛ̀sú	ɛ̀ s ú
2333	good	Jamsay_Mondoro	ɛ̀jú	ɛ̀ dʒ ú
2334	good	Togo_Kan	sɛ́ⁿ	s ɛ́ⁿ
2335	good	Yorno_So	ɛ̀jú	ɛ̀ dʒ ú
2336	good	Tommo_So	síɛ́	s í ɛ́
2337	good	Tommo_So	dàgáádɛ̀	d à ɡ áː d ɛ̀
2338	good	Dogul_Dom	gɛ̀nɔ́	ɡ ɛ̀ n ɔ́
2339	good	Yanda_Dom	síyɛ́	s í j ɛ́
2340	good	Najamba	nálá:	n á l áː
2341	good	Najamba	nálé:	n á l éː
2342	good	Najamba	nɛ̌yyè	n ɛ̌ j j è
2343	good	Najamba	nɛ̌yŋgò	n ɛ̌ j ŋ ɡ ò
2344	good	Tiranige	mɔ́:	m ɔ́ː
2345	good	Mombo	pɔ́lɔ́	p ɔ́ l ɔ́
2346	good	Ampari	dìyè	d ì j è
2347	good	Bunoge	pɔ̀:lɔ̀	p ɔ̀ː l ɔ̀
2348	good	Penange	pɔ́:lɔ́	p ɔ́ː l ɔ́
529	hair	Toro_Tegu	kúrɔ́	k ú r ɔ́
530	hair	Bangime	déɡé kújù	d é ɡ é # k ú dʒ ù
531	hair	Sangha_So	kùkùrí	k ù k ù r í
532	hair	Ben_Tey	kùkùyɔ́	k ù k ù j ɔ́
533	hair	Bankan_Tey	kùyá	k ù j á
534	hair	Nanga	kìyá	k ì j á
535	hair	Jamsay_Douentza	kúrɔ́	k ú r ɔ́
536	hair	Perge_Tegu	kúrɔ́	k ú r ɔ́
537	hair	Gourou	kúrɔ́	k ú r ɔ́
538	hair	Togo_Kan	kúrɔ́	k ú r ɔ́
539	hair	Yorno_So	kùkûl	k ù k û l
540	hair	Tomo_Kan_Segue	kùlɛ́	k ù l ɛ́
541	hair	Tomo_Kan_Diangassagou	kùlɛ́	k ù l ɛ́
542	hair	Tommo_So	kúló	k ú l ó
543	hair	Dogul_Dom	kíŋgìlɛ̀	k í ŋ ɡ ì l ɛ̀
544	hair	Tebul_Ure	kùŋgùlàíyɛ́	k ù ŋ ɡ ù l à í j ɛ́
545	hair	Yanda_Dom	kùlà	k ù l à
546	hair	Najamba	kùlɛ́ŋgó	k ù l ɛ́ ŋ ɡ ó
547	hair	Najamba	kùlɛ́	k ù l ɛ́
548	hair	Tiranige	kùlèŋgè	k ù l è ŋ ɡ è
549	hair	Mombo	kúlɛ́	k ú l ɛ́
550	hair	Ampari	kùrɛ̀	k ù r ɛ̀
551	hair	Bunoge	kùlɛ̀	k ù l ɛ̀
552	hair	Penange	kúlɛ́	k ú l ɛ́
2242	hard	Toro_Tegu	mǎw	m ǎ w
2243	hard	Toro_Tegu	m̀bǎw	m̀ b ǎ w
2244	hard	Bangime	kõ̀ɔ̃́	k òⁿ ɔ́ⁿ
2245	hard	Sangha_So	ɛ́ⁿɛ́ⁿ	ɛ́ⁿ ɛ́ⁿ
2246	hard	Ben_Tey	ma᷈wⁿ	m a᷈ wⁿ
2247	hard	Bankan_Tey	ma᷈wⁿ	m a᷈ wⁿ
2248	hard	Nanga	márⁿî	m á rⁿ î
2249	hard	Nanga	ɛ̌:	ɛ̌ː
2250	hard	Jamsay_Douentza	déŋ	d é ŋ
2251	hard	Perge_Tegu	mǎyⁿ	m ǎ jⁿ
2252	hard	Gourou	déŋ	d é ŋ
2253	hard	Togo_Kan	mǎ	m ǎ
2254	hard	Togo_Kan	kégú	k é ɡ ú
2255	hard	Yorno_So	ɛ̌:ⁿ	ɛ̌ːⁿ
2256	hard	Tommo_So	máyyám	m á j j á m
2257	hard	Tommo_So	ɛ́ɛ́ⁿ	ɛ́ːⁿ
2258	hard	Yanda_Dom	ʔə̀yⁿàyⁿ	ʔ ə̀ jⁿ à jⁿ
2259	hard	Najamba	mǎyyè	m ǎ j j è
2260	hard	Najamba	mǎyŋgò	m ǎ j ŋ ɡ ò
2261	hard	Tiranige	málání	m á l á n í
2262	hard	Mombo	kéndékéndú	k é n d é k é n d ú
2263	hard	Bunoge	ɲà:ŋì	ɲ àː ŋ ì
2264	hard	Penange	kàmmì	k à m m ì
2265	hard	Toro_Tegu	mǎyⁿ	m ǎ jⁿ
2266	hard	Bangime	kɔ́òⁿ	k ɔ́ òⁿ
2267	hard	Sangha_So	màá	m ǎː
2268	hard	Ben_Tey	mǎ:	m ǎː
2269	hard	Bankan_Tey	ma᷈wⁿ	m a᷈ wⁿ
2270	hard	Nanga	mǎ:	m ǎː
2271	hard	Jamsay_Douentza	mǎyⁿ	m ǎ jⁿ
2272	hard	Perge_Tegu	mǎyⁿ	m ǎ jⁿ
2273	hard	Yorno_So	mǎ:	m ǎː
2274	hard	Tommo_So	máyyám	m á j j á m
2275	hard	Tommo_So	ɛ́ɛ́ⁿ	ɛ́ːⁿ
2276	hard	Tommo_So	máá	m áː
2277	hard	Najamba	mǎyŋgò	m ǎ j ŋ ɡ ò
2278	hard	Najamba	mǎyyè	m ǎ j j è
2279	heavy	Toro_Tegu	dùsú	d ù s ú
2280	heavy	Bangime	mɛ̀nɛ́	m ɛ̀ n ɛ́
2281	heavy	Sangha_So	démé	d é m é
2282	heavy	Ben_Tey	dùsú	d ù s ú
2283	heavy	Bankan_Tey	dùsúm	d ù s ú m
2284	heavy	Bankan_Tey	dùsû:	d ù s ûː
2285	heavy	Nanga	dúsî	d ú s î
2286	heavy	Jamsay_Douentza	dùjú	d ù dʒ ú
2287	heavy	Perge_Tegu	dùsú	d ù s ú
2288	heavy	Gourou	dùsú	d ù s ú
2289	heavy	Jamsay_Mondoro	dùjú	d ù dʒ ú
2290	heavy	Togo_Kan	dògú	d ò ɡ ú
2291	heavy	Yorno_So	démɛ́	d é m ɛ́
2292	heavy	Tommo_So	túgóm	t ú ɡ ó m
2293	heavy	Dogul_Dom	dógùsò	d ó ɡ ù s ò
2294	heavy	Yanda_Dom	tùjù	t ù dʒ ù
2295	heavy	Najamba	nìmíyè	n ì m í j è
2296	heavy	Najamba	nǐmgò	n ǐ m ɡ ò
2297	heavy	Tiranige	né:ŋgó:	n éː ŋ ɡ óː
2298	heavy	Mombo	dɔ́ŋgá	d ɔ́ ŋ ɡ á
2299	heavy	Ampari	nìwⁿì	n ì wⁿ ì
2300	heavy	Bunoge	nìnjì	n ì n dʒ ì
2301	heavy	Penange	dɔ́ŋgá	d ɔ́ ŋ ɡ á
843	horn	Toro_Tegu	círá	tʃ í r á
844	horn	Bangime	síráá	s í r áː
845	horn	Sangha_So	kɛ́lɛ́	k ɛ́ l ɛ́
846	horn	Ben_Tey	cíyà	tʃ í j à
847	horn	Bankan_Tey	kíyà	k í j à
848	horn	Bankan_Tey	cíyà	tʃ í j à
849	horn	Nanga	kírâ	k í r â
850	horn	Jamsay_Douentza	círɛ́	tʃ í r ɛ́
851	horn	Perge_Tegu	kírɛ́	k í r ɛ́
852	horn	Gourou	kírɛ́	k í r ɛ́
853	horn	Togo_Kan	kírɛ́	k í r ɛ́
854	horn	Yorno_So	kílɛ̀	k í l ɛ̀
855	horn	Tomo_Kan_Segue	cìlá	tʃ ì l á
856	horn	Tommo_So	kɛ́lɛ́	k ɛ́ l ɛ́
857	horn	Dogul_Dom	kɛ̀lɔ́	k ɛ̀ l ɔ́
858	horn	Tebul_Ure	cílá	tʃ í l á
859	horn	Tebul_Ure	kílá	k í l á
860	horn	Yanda_Dom	célá	tʃ é l á
861	horn	Yanda_Dom	cɛ́lɛ́	tʃ ɛ́ l ɛ́
862	horn	Najamba	kɛ́lɔ̀:	k ɛ́ l ɔ̀ː
863	horn	Najamba	kɛ́lɛ̀:	k ɛ́ l ɛ̀ː
864	horn	Tiranige	kɛ̀:lɛ̀ŋgè	k ɛ̀ː l ɛ̀ ŋ ɡ è
865	horn	Mombo	kɛ́lɛ́	k ɛ́ l ɛ́
866	horn	Ampari	kɛ̀rɔ̀	k ɛ̀ r ɔ̀
867	horn	Bunoge	kɛ̀lɛ̀	k ɛ̀ l ɛ̀
868	horn	Penange	kɛ́lɛ́	k ɛ́ l ɛ́
1291	house	Toro_Tegu	íló	í l ó
1292	house	Bangime	kóò	k ôː
1293	house	Sangha_So	gìrⁿú	ɡ ì rⁿ ú
1294	house	Ben_Tey	úrò	ú r ò
1295	house	Bankan_Tey	úrò	ú r ò
1296	house	Nanga	ńdô	ń d ô
1297	house	Nanga	índô	í n d ô
1298	house	Jamsay_Douentza	úró	ú r ó
1299	house	Perge_Tegu	íré	í r é
1300	house	Gourou	úró	ú r ó
1301	house	Jamsay_Mondoro	úró	ú r ó
1302	house	Togo_Kan	gìrⁿí	ɡ ì rⁿ í
1303	house	Yorno_So	gɛ̀rⁿɛ́	ɡ ɛ̀ rⁿ ɛ́
1304	house	Tommo_So	gìnɛ́	ɡ ì n ɛ́
1305	house	Dogul_Dom	ḿbùŋ	ḿ b ù ŋ
1306	house	Tebul_Ure	úló	ú l ó
1307	house	Yanda_Dom	ʔə́ló	ʔ ə́ l ó
1308	house	Najamba	ólé	ó l é
1309	house	Najamba	óló	ó l ó
1310	house	Najamba	ólé	ó l é
1311	house	Tiranige	jíwá	dʒ í w á
1312	house	Mombo	débù	d é b ù
1313	house	Bunoge	ʔòbò	ʔ ò b ò
1314	house	Penange	dèm	d è m
368	knee	Toro_Tegu	nìŋó	n ì ŋ ó
369	knee	Bangime	bʷèɛ́ kǔmbɛ́	bʷ è ɛ́ # k ǔ m b ɛ́
370	knee	Sangha_So	jóŋgóró	dʒ ó ŋ ɡ ó r ó
371	knee	Ben_Tey	sínjì:	s í n dʒ ìː
372	knee	Ben_Tey	síŋgì:	s í ŋ ɡ ìː
373	knee	Bankan_Tey	kízì	k í z ì
374	knee	Nanga	kùnjòkúnjô	k ù n dʒ ò k ú n dʒ ô
375	knee	Jamsay_Douentza	nɛ̀ŋɛ́	n ɛ̀ ŋ ɛ́
376	knee	Jamsay_Douentza	nɛ̀ŋɛ̀ béré	n ɛ̀ ŋ ɛ̀ # b é r é
377	knee	Perge_Tegu	nìŋgé	n ì ŋ ɡ é
378	knee	Gourou	nèŋé	n è ŋ é
379	knee	Jamsay_Mondoro	nɛ̀ŋɛ́	n ɛ̀ ŋ ɛ́
380	knee	Togo_Kan	nèŋèrèkúⁿ	n è ŋ è r è k úⁿ
381	knee	Yorno_So	yúŋóló	j ú ŋ ó l ó
382	knee	Tomo_Kan_Segue	ɲùŋgòlò	ɲ ù ŋ ɡ ò l ò
383	knee	Tomo_Kan_Diangassagou	ɲùŋgòlòkùⁿ	ɲ ù ŋ ɡ ò l ò k ùⁿ
384	knee	Tommo_So	ànù yóŋóló	à n ù # j ó ŋ ó l ó
385	knee	Dogul_Dom	kúɲjù	k ú ɲ dʒ ù
386	knee	Tebul_Ure	kúndú	k ú n d ú
387	knee	Yanda_Dom	kúnzú	k ú n z ú
388	knee	Najamba	nà:kínjìŋgè	n àː k í n dʒ ì ŋ ɡ è
389	knee	Najamba	nà:kínjì:	n àː k í n dʒ ìː
390	knee	Tiranige	kúnjúgɔ́	k ú n dʒ ú ɡ ɔ́
391	knee	Mombo	kúnjúgà	k ú n dʒ ú ɡ à
392	knee	Ampari	kùjù	k ù dʒ ù
393	knee	Bunoge	kúnjúgà	k ú n dʒ ú ɡ à
394	knee	Penange	kùnjùgà	k ù n dʒ ù ɡ à
896	leaf	Toro_Tegu	kɔ̀tɔ́	k ɔ̀ t ɔ́
897	leaf	Bangime	pʷéɛ̀ⁿ	pʷ é ɛ̀ⁿ
898	leaf	Sangha_So	líjɛ́	l í dʒ ɛ́
899	leaf	Ben_Tey	jɛ̀lɛ̂:	dʒ ɛ̀ l ɛ̂ː
900	leaf	Ben_Tey	jɛ̀lɛ̂y	dʒ ɛ̀ l ɛ̂ j
901	leaf	Ben_Tey	jìjɛ̀lɛ̂:	dʒ ì dʒ ɛ̀ l ɛ̂ː
902	leaf	Ben_Tey	jìjɛ̀lɛ̂y	dʒ ì dʒ ɛ̀ l ɛ̂ j
903	leaf	Bankan_Tey	jɛ̀ndɛ̂:	dʒ ɛ̀ n d ɛ̂ː
904	leaf	Bankan_Tey	gɛ̀ndɛ̂:	ɡ ɛ̀ n d ɛ̂ː
905	leaf	Nanga	úwâ	ú w â
906	leaf	Jamsay_Douentza	kúrɔ́	k ú r ɔ́
907	leaf	Perge_Tegu	kúrɔ́	k ú r ɔ́
908	leaf	Gourou	kúrɔ́	k ú r ɔ́
909	leaf	Togo_Kan	kúrɔ́	k ú r ɔ́
910	leaf	Yorno_So	lɛ̂:	l ɛ̂ː
911	leaf	Tomo_Kan_Segue	kɔ̀w	k ɔ̀ w
912	leaf	Tommo_So	núyɔ́	n ú j ɔ́
913	leaf	Dogul_Dom	kómbò	k ó m b ò
914	leaf	Dogul_Dom	kíl	k í l
915	leaf	Tebul_Ure	kúlá	k ú l á
916	leaf	Yanda_Dom	kùlà	k ù l à
917	leaf	Najamba	kòmbáŋgó	k ò m b á ŋ ɡ ó
918	leaf	Najamba	kòmbá	k ò m b á
919	leaf	Tiranige	kómbá	k ó m b á
920	leaf	Mombo	kúbɛ̀	k ú b ɛ̀
921	leaf	Ampari	kòwá	k ò w á
922	leaf	Bunoge	kóbà	k ó b à
923	leaf	Penange	kɔ̀bɛ̀	k ɔ̀ b ɛ̀
462	leg/foot	Toro_Tegu	kúwɔ́	k ú w ɔ́
463	leg/foot	Toro_Tegu	kùwɔ̀tɔ́	k ù w ɔ̀ t ɔ́
464	leg/foot	Bangime	bʷèɛ̀	bʷ è ɛ̀
465	leg/foot	Sangha_So	kúbɔ́	k ú b ɔ́
466	leg/foot	Sangha_So	kùbɔ̀ sáá	k ù b ɔ̀ # s áː
467	leg/foot	Ben_Tey	lɔ̀sɔ̂:	l ɔ̀ s ɔ̂ː
468	leg/foot	Bankan_Tey	ǹdɔ̀sɔ̂:	ǹ d ɔ̀ s ɔ̂ː
469	leg/foot	Nanga	lɔ̀sɔ̂	l ɔ̀ s ɔ̂
470	leg/foot	Jamsay_Douentza	kɔ́:	k ɔ́ː
471	leg/foot	Perge_Tegu	kúwɔ́	k ú w ɔ́
472	leg/foot	Gourou	kúwⁿ́	k ú ẃⁿ
473	leg/foot	Jamsay_Mondoro	kɔ́:	k ɔ́ː
474	leg/foot	Togo_Kan	kúwɔ́	k ú w ɔ́
475	leg/foot	Yorno_So	kúbɔ́	k ú b ɔ́
476	leg/foot	Tomo_Kan_Segue	kùbàcàndà	k ù b à tʃ à n d à
477	leg/foot	Tomo_Kan_Diangassagou	kùbàtàgà	k ù b à t à ɡ à
478	leg/foot	Tommo_So	ánú	á n ú
479	leg/foot	Dogul_Dom	náágù	n áː ɡ ù
480	leg/foot	Tebul_Ure	lǎ:	l ǎː
481	leg/foot	Yanda_Dom	nà:	n àː
482	leg/foot	Najamba	nà:gó	n àː ɡ ó
483	leg/foot	Najamba	nǎ:	n ǎː
484	leg/foot	Tiranige	tònjè	t ò n dʒ è
485	leg/foot	Mombo	sí:	s íː
486	leg/foot	Ampari	sò:	s òː
487	leg/foot	Bunoge	sè	s è
488	leg/foot	Penange	sígé	s í ɡ é
489	leg/foot	Toro_Tegu	kúwɔ́	k ú w ɔ́
490	leg/foot	Bangime	bʷéɛ̀	bʷ é ɛ̀
491	leg/foot	Sangha_So	kúbɔ́	k ú b ɔ́
492	leg/foot	Ben_Tey	lɔ̀sɔ̂:	l ɔ̀ s ɔ̂ː
493	leg/foot	Bankan_Tey	ǹdɔ̀sɔ̂:	ǹ d ɔ̀ s ɔ̂ː
494	leg/foot	Nanga	lɔ̀sɔ̂	l ɔ̀ s ɔ̂
495	leg/foot	Jamsay_Douentza	kɔ́:	k ɔ́ː
496	leg/foot	Perge_Tegu	kúwɔ́	k ú w ɔ́
497	leg/foot	Gourou	kúwⁿ́	k ú ẃⁿ
498	leg/foot	Togo_Kan	pàgá	p à ɡ á
499	leg/foot	Yorno_So	kúbɔ́	k ú b ɔ́
500	leg/foot	Tomo_Kan_Segue	kùbá	k ù b á
501	leg/foot	Tomo_Kan_Diangassagou	kùbá	k ù b á
502	leg/foot	Tommo_So	ánú	á n ú
503	leg/foot	Yanda_Dom	nà:	n àː
504	leg/foot	Najamba	nà:gó	n àː ɡ ó
505	leg/foot	Najamba	nǎ:	n ǎː
506	leg/foot	Tiranige	tònjè	t ò n dʒ è
507	leg/foot	Bunoge	sè	s è
341	liver	Toro_Tegu	cɛ́lá	tʃ ɛ́ l á
342	liver	Bangime	kúrì kìŋɡɛ́	k ú r ì # k ì ŋ ɡ ɛ́
343	liver	Sangha_So	kíné	k í n é
344	liver	Sangha_So	kɪ́nɛ́	k ɪ́ n ɛ́
345	liver	Ben_Tey	cɛ́lɛ̀	tʃ ɛ́ l ɛ̀
346	liver	Ben_Tey	kɛ́lɛ̀	k ɛ́ l ɛ̀
347	liver	Bankan_Tey	kɛ́ndɛ̀	k ɛ́ n d ɛ̀
348	liver	Nanga	kɛ́ndɛ̀	k ɛ́ n d ɛ̀
349	liver	Jamsay_Douentza	cɛ́nɛ̀	tʃ ɛ́ n ɛ̀
350	liver	Perge_Tegu	kɛ́lɛ̀	k ɛ́ l ɛ̀
351	liver	Gourou	kɛ́nɛ̀	k ɛ́ n ɛ̀
352	liver	Jamsay_Mondoro	cɛ́nɛ̀	tʃ ɛ́ n ɛ̀
353	liver	Togo_Kan	kɛ́nɛ́	k ɛ́ n ɛ́
354	liver	Yorno_So	kínɛ́	k í n ɛ́
355	liver	Tomo_Kan_Segue	cándálá	tʃ á n d á l á
356	liver	Tomo_Kan_Diangassagou	cándálá	tʃ á n d á l á
357	liver	Tommo_So	kíndɛ́	k í n d ɛ́
358	liver	Dogul_Dom	kíndà	k í n d à
359	liver	Tebul_Ure	kɛ́ndɛ́	k ɛ́ n d ɛ́
360	liver	Yanda_Dom	cíndá	tʃ í n d á
361	liver	Najamba	kéndà:	k é n d àː
362	liver	Najamba	kɛ́ndɛ̀:	k ɛ́ n d ɛ̀ː
363	liver	Tiranige	cìndà	tʃ ì n d à
364	liver	Mombo	kíndá	k í n d á
365	liver	Ampari	kèndà	k è n d à
366	liver	Bunoge	kìndà	k ì n d à
367	liver	Penange	kìndà	k ì n d à
1502	long	Toro_Tegu	gùrú	ɡ ù r ú
1503	long	Bangime	béndɛ̀	b é n d ɛ̀
1504	long	Ben_Tey	gùrɔ̂w	ɡ ù r ɔ̂ w
1505	long	Bankan_Tey	gùrⁿǎwⁿ	ɡ ù rⁿ ǎ wⁿ
1506	long	Nanga	gùrɔ́	ɡ ù r ɔ́
1507	long	Jamsay_Douentza	gùrú	ɡ ù r ú
1508	long	Perge_Tegu	gùrú	ɡ ù r ú
1509	long	Gourou	gùrú	ɡ ù r ú
1510	long	Jamsay_Mondoro	gùrú	ɡ ù r ú
1511	long	Togo_Kan	gùrú	ɡ ù r ú
1512	long	Yorno_So	pàlá	p à l á
1513	long	Tommo_So	pàlá	p à l á
1514	long	Tebul_Ure	pâ:	p âː
1515	long	Tebul_Ure	pâ:ŋgɔ̀	p âː ŋ ɡ ɔ̀
1516	long	Tebul_Ure	pâ:mbɔ̀	p âː m b ɔ̀
1517	long	Yanda_Dom	zàlà	z à l à
1518	long	Najamba	jàlɛ́:	dʒ à l ɛ́ː
1519	long	Najamba	jàláŋgó	dʒ à l á ŋ ɡ ó
1520	long	Tiranige	yálá	j á l á
1521	long	Mombo	góllò	ɡ ó l l ò
1522	long	Ampari	mwɛ̀:ⁿ	m w ɛ̀ːⁿ
1523	long	Bunoge	gòlò	ɡ ò l ò
1524	long	Penange	gòlò	ɡ ò l ò
607	mouth	Toro_Tegu	ká	k á
608	mouth	Bangime	nɔ́ẁ	n ɔ́ ẁ
609	mouth	Sangha_So	áŋá	á ŋ á
610	mouth	Sangha_So	kɛ̀nɛ́	k ɛ̀ n ɛ́
611	mouth	Ben_Tey	mǒ:	m ǒː
612	mouth	Ben_Tey	m̀bǒ:	m̀ b ǒː
613	mouth	Bankan_Tey	mbǔ:	m b ǔː
614	mouth	Nanga	nɔ̌:	n ɔ̌ː
615	mouth	Jamsay_Douentza	ká:	k áː
616	mouth	Perge_Tegu	ká:	k áː
617	mouth	Gourou	ká:	k áː
618	mouth	Togo_Kan	káⁿ	k áⁿ
619	mouth	Yorno_So	kɛ̀nɛ́	k ɛ̀ n ɛ́
620	mouth	Yorno_So	áŋá	á ŋ á
621	mouth	Tomo_Kan_Segue	ká:ⁿ	k áːⁿ
622	mouth	Tomo_Kan_Diangassagou	ká:ⁿ	k áːⁿ
623	mouth	Tommo_So	kɛ̀nnɛ́	k ɛ̀ n n ɛ́
624	mouth	Tommo_So	áŋá	á ŋ á
625	mouth	Dogul_Dom	kɛ́nnù	k ɛ́ n n ù
626	mouth	Tebul_Ure	m̀bùgɔ́	m̀ b ù ɡ ɔ́
627	mouth	Yanda_Dom	cɛ́nɛ́	tʃ ɛ́ n ɛ́
628	mouth	Yanda_Dom	m̀bò	m̀ b ò
629	mouth	Najamba	ìbíŋgé	ì b í ŋ ɡ é
630	mouth	Najamba	ìbí	ì b í
631	mouth	Tiranige	ɔ̀mɔ̀	ɔ̀ m ɔ̀
632	mouth	Mombo	dónì	d ó n ì
633	mouth	Ampari	ìmbí	ì m b í
634	mouth	Bunoge	tònì	t ò n ì
635	mouth	Penange	dòn	d ò n
1653	name	Toro_Tegu	ìsǒŋ	ì s ǒ ŋ
1654	name	Bangime	nníí	n n íː
1655	name	Sangha_So	bój	b ó dʒ
1656	name	Ben_Tey	ìnìrⁿî:	ì n ì rⁿ îː
1657	name	Bankan_Tey	ŋìnnî:	ŋ ì n n îː
1658	name	Bankan_Tey	ɲìnnî:	ɲ ì n n îː
1659	name	Nanga	ǹnèrⁿî	ǹ n è rⁿ î
1660	name	Nanga	ìnèrⁿî	ì n è rⁿ î
1661	name	Jamsay_Douentza	bón	b ó n
1662	name	Perge_Tegu	sórⁿú	s ó rⁿ ú
1663	name	Gourou	bón	b ó n
1664	name	Jamsay_Mondoro	bón	b ó n
1665	name	Togo_Kan	bɔ́ⁿ	b ɔ́ⁿ
1666	name	Yorno_So	bôy	b ô j
1667	name	Tomo_Kan_Segue	ʔùmbòlò	ʔ ù m b ò l ò
1668	name	Tommo_So	bóy	b ó j
1669	name	Dogul_Dom	tìgɔ́ɔ́	t ì ɡ ɔ́ː
1670	name	Tebul_Ure	bóngó	b ó n ɡ ó
1671	name	Tebul_Ure	bóné:	b ó n éː
1672	name	Yanda_Dom	ín	í n
1673	name	Najamba	ínèn	í n è n
1674	name	Najamba	ínèn	í n è n
1675	name	Tiranige	ìnì	ì n ì
1676	name	Mombo	íní	í n í
1677	name	Ampari	ìnì	ì n ì
1678	name	Bunoge	ʔìnì	ʔ ì n ì
1679	name	Penange	ùnù	ù n ù
1680	name	Penange	ùn	ù n
241	navel	Toro_Tegu	kórú	k ó r ú
242	navel	Bangime	bóŋɡɔ́rò	b ó ŋ ɡ ɔ́ r ò
243	navel	Bangime	bɔ́ŋwíɛ̀	b ɔ́ ŋ w í ɛ̀
244	navel	Sangha_So	bɔ̀gíí	b ɔ̀ ɡ íː
245	navel	Ben_Tey	bɔ̀ŋgɔ́	b ɔ̀ ŋ ɡ ɔ́
246	navel	Bankan_Tey	kón	k ó n
247	navel	Nanga	bɔ̀ŋgɔ́	b ɔ̀ ŋ ɡ ɔ́
248	navel	Jamsay_Douentza	kón	k ó n
249	navel	Perge_Tegu	bɔ̀ŋgɔ́	b ɔ̀ ŋ ɡ ɔ́
250	navel	Gourou	kón	k ó n
251	navel	Jamsay_Mondoro	kón	k ó n
252	navel	Togo_Kan	bɔ̀gú	b ɔ̀ ɡ ú
253	navel	Yorno_So	bɔ̀gìý	b ɔ̀ ɡ ì j́
254	navel	Tomo_Kan_Segue	kù:kwɛ̀ʔɛ̀ⁿ	k ùː k w ɛ̀ ʔ ɛ̀ⁿ
255	navel	Tomo_Kan_Diangassagou	bɔ̀gí:ⁿ	b ɔ̀ ɡ íːⁿ
256	navel	Tommo_So	bɔ̀ŋgɔ̀ý	b ɔ̀ ŋ ɡ ɔ̀ j́
257	navel	Dogul_Dom	bɔ́ŋgɔ̀	b ɔ́ ŋ ɡ ɔ̀
258	navel	Tebul_Ure	bɔ̀ŋgɔ́	b ɔ̀ ŋ ɡ ɔ́
259	navel	Yanda_Dom	bɔ̀ŋɔ̀	b ɔ̀ ŋ ɔ̀
260	navel	Najamba	bɔ́ŋgɔ̀:	b ɔ́ ŋ ɡ ɔ̀ː
261	navel	Najamba	bɔ́ŋgɛ̀:	b ɔ́ ŋ ɡ ɛ̀ː
262	navel	Tiranige	bɔ̀ŋgùlɔ̀	b ɔ̀ ŋ ɡ ù l ɔ̀
263	navel	Mombo	bòŋgèlé	b ò ŋ ɡ è l é
264	navel	Bunoge	bɔ́ŋgɛ́lɛ̀	b ɔ́ ŋ ɡ ɛ́ l ɛ̀
265	navel	Penange	bɔ̀ŋgɔ̀	b ɔ̀ ŋ ɡ ɔ̀
717	neck	Toro_Tegu	kɔ̀rɔ́	k ɔ̀ r ɔ́
718	neck	Bangime	kẃà	k ẃ à
719	neck	Sangha_So	kɔ̀kɔ́rɔ́	k ɔ̀ k ɔ́ r ɔ́
720	neck	Ben_Tey	kɔ̀rɔ́	k ɔ̀ r ɔ́
721	neck	Bankan_Tey	kɔ̀rɔ́	k ɔ̀ r ɔ́
722	neck	Nanga	kɔ̀rɔ́	k ɔ̀ r ɔ́
723	neck	Jamsay_Douentza	kɔ̀rɔ́	k ɔ̀ r ɔ́
724	neck	Perge_Tegu	kɔ̀rɔ́	k ɔ̀ r ɔ́
725	neck	Gourou	kɔ̀rɔ́	k ɔ̀ r ɔ́
726	neck	Togo_Kan	kɔ̀rɔ́	k ɔ̀ r ɔ́
727	neck	Yorno_So	kùkɔ̀lɔ́	k ù k ɔ̀ l ɔ́
728	neck	Tomo_Kan_Segue	kɔ̀lɔ̀	k ɔ̀ l ɔ̀
729	neck	Tomo_Kan_Diangassagou	kɔ̀lɔ̀	k ɔ̀ l ɔ̀
730	neck	Tommo_So	ɔ̀dɔ́	ɔ̀ d ɔ́
731	neck	Dogul_Dom	mɔ́ɔ́gù	m ɔ́ː ɡ ù
732	neck	Tebul_Ure	kwǎ:	k w ǎː
733	neck	Yanda_Dom	kɔ̀lɔ̀	k ɔ̀ l ɔ̀
734	neck	Najamba	mɔ᷈:	m ɔ᷈ː
735	neck	Najamba	mɔ̌ɛ̀	m ɔ̌ ɛ̀
736	neck	Tiranige	mɔ́:	m ɔ́ː
737	neck	Mombo	párù	p á r ù
738	neck	Ampari	pàdò	p à d ò
739	neck	Bunoge	kóláŋgè	k ó l á ŋ ɡ è
740	neck	Penange	pàrò	p à r ò
164	new	Toro_Tegu	kàlá	k à l á
165	new	Bangime	káráá	k á r áː
166	new	Sangha_So	kàná	k à n á
167	new	Ben_Tey	kálà	k á l à
168	new	Bankan_Tey	kándà	k á n d à
169	new	Nanga	kándà	k á n d à
170	new	Jamsay_Douentza	kàná	k à n á
171	new	Perge_Tegu	kàlá	k à l á
172	new	Gourou	kàná	k à n á
173	new	Jamsay_Mondoro	kàná	k à n á
174	new	Togo_Kan	kàná	k à n á
175	new	Yorno_So	kàná	k à n á
176	new	Tomo_Kan_Segue	kàndà	k à n d à
177	new	Tomo_Kan_Diangassagou	kàndà	k à n d à
178	new	Tommo_So	kàndá	k à n d á
179	new	Dogul_Dom	kásá	k á s á
180	new	Tebul_Ure	kàndá	k à n d á
181	new	Yanda_Dom	kàndà	k à n d à
182	new	Yanda_Dom	mù	m ù
183	new	Najamba	kàndǎ:	k à n d ǎː
184	new	Najamba	kàndɛ̌:	k à n d ɛ̌ː
185	new	Tiranige	kándá	k á n d á
186	new	Mombo	kándá	k á n d á
187	new	Ampari	kà:ndà	k àː n d à
188	new	Bunoge	kàndà	k à n d à
189	new	Penange	kàndà	k à n d à
1546	night	Toro_Tegu	yⁿà:ŋá	jⁿ àː ŋ á
1547	night	Bangime	ʒìjé	ʒ ì dʒ é
1548	night	Sangha_So	dìgɛ́	d ì ɡ ɛ́
1549	night	Sangha_So	jáŋá	dʒ á ŋ á
1550	night	Ben_Tey	ɲárⁿù	ɲ á rⁿ ù
1551	night	Bankan_Tey	ɲân	ɲ â n
1552	night	Nanga	dɛ̀:ndɛ̂	d ɛ̀ː n d ɛ̂
1553	night	Jamsay_Douentza	dà:ɣá	d àː ɣ á
1554	night	Perge_Tegu	dɛ̀:gɛ́	d ɛ̀ː ɡ ɛ́
1555	night	Gourou	dà:ɣá	d àː ɣ á
1556	night	Jamsay_Mondoro	dà:gá	d àː ɡ á
1557	night	Togo_Kan	dà:gá	d àː ɡ á
1558	night	Yorno_So	dìgɛ́	d ì ɡ ɛ́
1559	night	Tomo_Kan_Segue	dáʔà	d á ʔ à
1560	night	Tomo_Kan_Segue	ɲáŋgá	ɲ á ŋ ɡ á
1561	night	Tommo_So	yáŋá	j á ŋ á
1562	night	Tommo_So	dìgɛ́	d ì ɡ ɛ́
1563	night	Tommo_So	bàà dɛ̀nɛ́	b àː # d ɛ̀ n ɛ́
1564	night	Dogul_Dom	yáágà	j áː ɡ à
1565	night	Tebul_Ure	dɛ̀ndɛ́	d ɛ̀ n d ɛ́
1566	night	Yanda_Dom	dèndà:	d è n d àː
1567	night	Najamba	ɲám	ɲ á m
1568	night	Tiranige	yà:gù	j àː ɡ ù
1569	night	Mombo	dó:	d óː
1570	night	Ampari	dó:ndó	d óː n d ó
1571	night	Bunoge	yà	j à
1572	night	Penange	dógó	d ó ɡ ó
662	nose	Toro_Tegu	cìrⁿòká	tʃ ì rⁿ ò k á
663	nose	Bangime	sǔmbírí	s ǔ m b í r í
664	nose	Sangha_So	kírⁿú	k í rⁿ ú
665	nose	Ben_Tey	círⁿì	tʃ í rⁿ ì
666	nose	Bankan_Tey	círⁿè	tʃ í rⁿ è
667	nose	Nanga	kírⁿê	k í rⁿ ê
668	nose	Jamsay_Douentza	círⁿé	tʃ í rⁿ é
669	nose	Perge_Tegu	kírⁿé	k í rⁿ é
670	nose	Gourou	kírⁿé	k í rⁿ é
671	nose	Jamsay_Mondoro	círⁿé	tʃ í rⁿ é
672	nose	Togo_Kan	kírⁿí	k í rⁿ í
673	nose	Yorno_So	kín	k í n
674	nose	Tomo_Kan_Segue	cìní	tʃ ì n í
675	nose	Tomo_Kan_Diangassagou	cíní	tʃ í n í
676	nose	Tommo_So	kínú	k í n ú
677	nose	Dogul_Dom	kìnjɔ́	k ì n dʒ ɔ́
678	nose	Tebul_Ure	cíné	tʃ í n é
679	nose	Yanda_Dom	cìnzà	tʃ ì n z à
680	nose	Najamba	kìnjâ:	k ì n dʒ âː
681	nose	Najamba	kìnjɛ̂:	k ì n dʒ ɛ̂ː
682	nose	Tiranige	cínjɔ́	tʃ í n dʒ ɔ́
683	nose	Mombo	kínjà	k í n dʒ à
684	nose	Ampari	kìnì	k ì n ì
685	nose	Bunoge	kìnà	k ì n à
686	nose	Penange	kìmjà	k ì m dʒ à
135	old	Toro_Tegu	yɔ̌:	j ɔ̌ː
136	old	Toro_Tegu	wá:gú	w áː ɡ ú
137	old	Bangime	ʃíjéndɛ	ʃ í dʒ é n d ɛ
138	old	Bangime	kááw̃á	k áː wⁿ á
139	old	Sangha_So	pěj	p ě dʒ
140	old	Ben_Tey	pɛ̌:	p ɛ̌ː
141	old	Bankan_Tey	pɛ̌:	p ɛ̌ː
142	old	Nanga	pɛ̌:	p ɛ̌ː
143	old	Jamsay_Douentza	pɛ̌yⁿ	p ɛ̌ jⁿ
144	old	Perge_Tegu	pɛ̌y	p ɛ̌ j
145	old	Gourou	kó:ró	k óː r ó
146	old	Gourou	pɛ́yⁿ	p ɛ́ jⁿ
147	old	Jamsay_Mondoro	pɛ̌yⁿ	p ɛ̌ jⁿ
148	old	Togo_Kan	pɛ̌ⁿ	p ɛ̌ⁿ
149	old	Yorno_So	pɛ̌y	p ɛ̌ j
150	old	Tomo_Kan_Segue	pyɛ̀ⁿ	p j ɛ̀ⁿ
151	old	Tomo_Kan_Diangassagou	pyɛ̀ⁿ	p j ɛ̀ⁿ
152	old	Tommo_So	pɛ̌y	p ɛ̌ j
153	old	Dogul_Dom	dìyɔ́	d ì j ɔ́
154	old	Tebul_Ure	pɛ̀ygɔ́	p ɛ̀ j ɡ ɔ́
155	old	Tebul_Ure	pɛ̌:	p ɛ̌ː
156	old	Yanda_Dom	pɛ̀y	p ɛ̀ j
157	old	Yanda_Dom	mù	m ù
158	old	Najamba	kúnjɔ́:	k ú n dʒ ɔ́ː
159	old	Najamba	kúnjɛ́:	k ú n dʒ ɛ́ː
160	old	Tiranige	kúnjú	k ú n dʒ ú
161	old	Mombo	ká:nú	k áː n ú
162	old	Bunoge	ʔìlɛ̀	ʔ ì l ɛ̀
163	old	Penange	ká:mnɔ́	k áː m n ɔ́
1723	one	Toro_Tegu	túrú	t ú r ú
1724	one	Bangime	té	t é
1725	one	Bangime	tǐjɛ́	t ǐ dʒ ɛ́
1726	one	Sangha_So	tíírù	t íː r ù
1727	one	Sangha_So	túrú	t ú r ú
1728	one	Ben_Tey	tùwⁿɔ́	t ù wⁿ ɔ́
1729	one	Ben_Tey	tùwⁿɔ̂m	t ù wⁿ ɔ̂ m
1730	one	Ben_Tey	tùwⁿɔ́yɛ̀	t ù wⁿ ɔ́ j ɛ̀
1731	one	Bankan_Tey	tùmá	t ù m á
1732	one	Nanga	tùmâ	t ù m â
1733	one	Jamsay_Douentza	túrú	t ú r ú
1734	one	Perge_Tegu	túrú	t ú r ú
1735	one	Gourou	túrú	t ú r ú
1736	one	Togo_Kan	túrú	t ú r ú
1737	one	Yorno_So	túrú	t ú r ú
1738	one	Tommo_So	túrú	t ú r ú
1739	one	Dogul_Dom	tɔ́mɔ̀	t ɔ́ m ɔ̀
1740	one	Tebul_Ure	túrɛ̀:	t ú r ɛ̀ː
1741	one	Tebul_Ure	túrùgɔ̀	t ú r ù ɡ ɔ̀
1742	one	Yanda_Dom	tùmá	t ù m á
1743	one	Najamba	kúndé	k ú n d é
1744	one	Tiranige	tò:mà	t òː m à
1745	one	Mombo	yɛ̀: tá:ŋgù	j ɛ̀ː # t áː ŋ ɡ ù
1746	one	Ampari	tùdà	t ù d à
1747	one	Bunoge	tó:lì	t óː l ì
1748	one	Penange	tà:ŋgà	t àː ŋ ɡ à
1338	rain	Toro_Tegu	àrⁿá	à rⁿ á
1339	rain	Bangime	ʒṍɔ̃̀	ʒ óⁿ ɔ̀ⁿ
1340	rain	Sangha_So	àrⁿá	à rⁿ á
1341	rain	Ben_Tey	bòlú	b ò l ú
1342	rain	Ben_Tey	bǒl	b ǒ l
1343	rain	Bankan_Tey	bòndú	b ò n d ú
1344	rain	Nanga	bòndí	b ò n d í
1345	rain	Jamsay_Douentza	àrⁿá	à rⁿ á
1346	rain	Perge_Tegu	àrⁿá	à rⁿ á
1347	rain	Gourou	àrⁿá	à rⁿ á
1348	rain	Togo_Kan	àrⁿú	à rⁿ ú
1349	rain	Yorno_So	àrⁿá	à rⁿ á
1350	rain	Tommo_So	àná	à n á
1351	rain	Dogul_Dom	áláà	á l âː
1352	rain	Tebul_Ure	àrⁿá	à rⁿ á
1353	rain	Yanda_Dom	àrⁿùŋ	à rⁿ ù ŋ
1354	rain	Najamba	ǎ:lŋgé	ǎː l ŋ ɡ é
1355	rain	Najamba	à:lé	àː l é
1356	rain	Tiranige	á:mì	áː m ì
1357	rain	Mombo	kúmáŋgà	k ú m á ŋ ɡ à
1358	rain	Ampari	bìrâwⁿ	b ì r â wⁿ
1359	rain	Bunoge	ʔáyà	ʔ á j à
1360	rain	Penange	kùmà:ŋgà	k ù m àː ŋ ɡ à
2215	red	Toro_Tegu	bárⁿú	b á rⁿ ú
2216	red	Bangime	búɥɛ́	b ú ɥ ɛ́
2217	red	Sangha_So	bárⁿú	b á rⁿ ú
2218	red	Ben_Tey	bárⁿàwⁿ	b á rⁿ à wⁿ
2219	red	Ben_Tey	bárⁿàm	b á rⁿ à m
2220	red	Ben_Tey	bárⁿàyɛ̀	b á rⁿ à j ɛ̀
2221	red	Bankan_Tey	bàrⁿâyⁿ	b à rⁿ â jⁿ
2222	red	Nanga	bárⁿí	b á rⁿ í
2223	red	Jamsay_Douentza	bán	b á n
2224	red	Perge_Tegu	bárⁿú	b á rⁿ ú
2225	red	Gourou	bán	b á n
2226	red	Jamsay_Mondoro	bán	b á n
2227	red	Togo_Kan	báⁿ	b áⁿ
2228	red	Yorno_So	bán	b á n
2229	red	Tommo_So	bánú	b á n ú
2230	red	Dogul_Dom	bánùŋ	b á n ù ŋ
2231	red	Tebul_Ure	bárⁿɛ́:	b á rⁿ ɛ́ː
2232	red	Tebul_Ure	bárⁿmbɔ́	b á rⁿ m b ɔ́
2233	red	Tebul_Ure	bángɔ́	b á n ɡ ɔ́
2234	red	Yanda_Dom	bǎn	b ǎ n
2235	red	Najamba	bánè	b á n è
2236	red	Najamba	bángò	b á n ɡ ò
2237	red	Tiranige	búní	b ú n í
2238	red	Mombo	búnú	b ú n ú
2239	red	Ampari	bɔ̀:mbɛ̀	b ɔ̀ː m b ɛ̀
2240	red	Bunoge	bɔ̀w	b ɔ̀ w
2241	red	Penange	bɔ̀mbɛ̀	b ɔ̀ m b ɛ̀
869	root	Toro_Tegu	wóró	w ó r ó
870	root	Bangime	ʒíìⁿ	ʒ îːⁿ
871	root	Sangha_So	wélú	w é l ú
872	root	Ben_Tey	wé:rí	w éː r í
873	root	Bankan_Tey	wòrú	w ò r ú
874	root	Nanga	wè:rî	w èː r î
875	root	Jamsay_Douentza	bɔ̀rɔ̀cé:ŋ	b ɔ̀ r ɔ̀ tʃ éː ŋ
876	root	Jamsay_Douentza	cé:ŋ	tʃ éː ŋ
877	root	Perge_Tegu	ké:ŋgú	k éː ŋ ɡ ú
878	root	Gourou	ké:ⁿ	k éːⁿ
879	root	Togo_Kan	bɔ̀rɔ̀dí:	b ɔ̀ r ɔ̀ d íː
880	root	Togo_Kan	bɔ̀:dí:	b ɔ̀ː d íː
881	root	Yorno_So	wél	w é l
882	root	Tomo_Kan_Segue	bɔ̀lɔ̀wò	b ɔ̀ l ɔ̀ w ò
883	root	Tommo_So	wélú	w é l ú
884	root	Dogul_Dom	kásò	k á s ò
885	root	Tebul_Ure	díné	d í n é
886	root	Yanda_Dom	dìlú	d ì l ú
887	root	Yanda_Dom	dǐl	d ǐ l
888	root	Najamba	wǒlŋgó	w ǒ l ŋ ɡ ó
889	root	Najamba	wòlé	w ò l é
890	root	Tiranige	yìlìŋgè	j ì l ì ŋ ɡ è
891	root	Mombo	kágì	k á ɡ ì
892	root	Ampari	kɔ̀jìdùmbè	k ɔ̀ dʒ ì d ù m b è
893	root	Bunoge	kàjè	k à dʒ è
894	root	Bunoge	bùsùllè	b ù s ù l l è
895	root	Penange	dúl	d ú l
1965	rope	Toro_Tegu	sǔŋ	s ǔ ŋ
1966	rope	Bangime	bɔ́jéɛ̀	b ɔ́ dʒ é ɛ̀
1967	rope	Sangha_So	súwⁿ	s ú wⁿ
1968	rope	Ben_Tey	sùŋgú	s ù ŋ ɡ ú
1969	rope	Bankan_Tey	sòŋgú	s ò ŋ ɡ ú
1970	rope	Nanga	sěŋ	s ě ŋ
1971	rope	Nanga	sèŋí	s è ŋ í
1972	rope	Jamsay_Douentza	sǔŋ	s ǔ ŋ
1973	rope	Perge_Tegu	sùŋgú	s ù ŋ ɡ ú
1974	rope	Gourou	sùŋú	s ù ŋ ú
1975	rope	Jamsay_Mondoro	sǔŋ	s ǔ ŋ
1976	rope	Togo_Kan	sùŋú	s ù ŋ ú
1977	rope	Yorno_So	sǔm	s ǔ m
1978	rope	Tommo_So	súm	s ú m
1979	rope	Dogul_Dom	síyìŋ	s í j ì ŋ
1980	rope	Tebul_Ure	sùŋgó	s ù ŋ ɡ ó
1981	rope	Yanda_Dom	sùŋ	s ù ŋ
1982	rope	Najamba	sǐ:ŋgó	s ǐː ŋ ɡ ó
1983	rope	Najamba	sǐ:	s ǐː
1984	rope	Tiranige	síŋgí	s í ŋ ɡ í
1985	rope	Mombo	síŋgì	s í ŋ ɡ ì
1986	rope	Bunoge	síŋgì	s í ŋ ɡ ì
1987	rope	Penange	síŋgì	s í ŋ ɡ ì
1072	salt	Toro_Tegu	nɛ̌ŋ	n ɛ̌ ŋ
1073	salt	Bangime	ɡɛ́ŋɡè	ɡ ɛ́ ŋ ɡ è
1074	salt	Sangha_So	nɛ̀wⁿú	n ɛ̀ wⁿ ú
1075	salt	Ben_Tey	nɛ̌m	n ɛ̌ m
1076	salt	Bankan_Tey	nɛ̌m	n ɛ̌ m
1077	salt	Nanga	nɛ̀:mí	n ɛ̀ː m í
1078	salt	Jamsay_Douentza	nɛ̌m	n ɛ̌ m
1079	salt	Perge_Tegu	nɛ̌m	n ɛ̌ m
1080	salt	Gourou	nɛ̌m	n ɛ̌ m
1081	salt	Togo_Kan	mɛ̌:	m ɛ̌ː
1082	salt	Yorno_So	nɛ̌m	n ɛ̌ m
1083	salt	Tomo_Kan_Segue	míyɛ̀ⁿ	m í j ɛ̀ⁿ
1084	salt	Tommo_So	nɛ̌m	n ɛ̌ m
1085	salt	Dogul_Dom	nèém	n ěː m
1086	salt	Tebul_Ure	nèmé	n è m é
1087	salt	Yanda_Dom	nɛ̀m	n ɛ̀ m
1088	salt	Najamba	nɛ̌mgó	n ɛ̌ m ɡ ó
1089	salt	Najamba	nɛ̀mɛ́	n ɛ̀ m ɛ́
1090	salt	Tiranige	nɛ́wⁿ	n ɛ́ wⁿ
1091	salt	Mombo	nêwⁿ	n ê wⁿ
1092	salt	Ampari	mɛ̀njɛ́	m ɛ̀ n dʒ ɛ́
1093	salt	Bunoge	kómúnù	k ó m ú n ù
1094	salt	Penange	nɛ̀m	n ɛ̀ m
1243	sand	Toro_Tegu	ìsòsúměy	ì s ò s ú m ě j
1244	sand	Bangime	n ɲímbɛ̀	n # ɲ í m b ɛ̀
1245	sand	Sangha_So	sɔ̀sɔ́wⁿ	s ɔ̀ s ɔ́ wⁿ
1246	sand	Sangha_So	sùsɔ́wⁿ	s ù s ɔ́ wⁿ
1247	sand	Ben_Tey	sùmòysô:	s ù m ò j s ôː
1248	sand	Bankan_Tey	sùmbày bú:rù	s ù m b à j # b úː r ù
1249	sand	Nanga	sɔ̀:mbɔ̀ sɛ́:rⁿɛ̀	s ɔ̀ː m b ɔ̀ # s ɛ́ː rⁿ ɛ̀
1250	sand	Nanga	sɛ́:rⁿɛ̀	s ɛ́ː rⁿ ɛ̀
1251	sand	Jamsay_Douentza	sìsɔ̌m	s ì s ɔ̌ m
1252	sand	Jamsay_Douentza	sùsɔ̌m	s ù s ɔ̌ m
1253	sand	Perge_Tegu	sùsǔm	s ù s ǔ m
1254	sand	Gourou	sìsɔ̌m	s ì s ɔ̌ m
1255	sand	Jamsay_Mondoro	sìsɔ̌m	s ì s ɔ̌ m
1256	sand	Togo_Kan	sɔ̀ⁿ̀sɔ̀nɔ́	s ɔ̀ⁿ s ɔ̀ n ɔ́
1257	sand	Yorno_So	sùsǒm	s ù s ǒ m
1258	sand	Tommo_So	sɔ̀lùmɔ́	s ɔ̀ l ù m ɔ́
1259	sand	Dogul_Dom	sòònnò ísílɛ́	s òː n n ò # í s í l ɛ́
1260	sand	Tebul_Ure	sɔ̀lmɔ́	s ɔ̀ l m ɔ́
1261	sand	Yanda_Dom	sɔ̀nzɔ̀m	s ɔ̀ n z ɔ̀ m
1262	sand	Najamba	sɔ̀ⁿnɛ́ndɛ̀	s ɔ̀ⁿ n ɛ́ n d ɛ̀
1263	sand	Tiranige	síyɔ́wⁿ	s í j ɔ́ wⁿ
1264	sand	Mombo	sóyndà	s ó j n d à
1265	sand	Ampari	só: bùgàrè	s óː # b ù ɡ à r è
1266	sand	Bunoge	só:njà	s óː n dʒ à
1267	sand	Penange	sòyndà	s ò j n d à
2370	shade/shadow	Toro_Tegu	cìló	tʃ ì l ó
2371	shade/shadow	Bangime	sĩ́ĩ́	s íːⁿ
2372	shade/shadow	Sangha_So	kìníí	k ì n íː
2373	shade/shadow	Sangha_So	kínín	k í n í n
2374	shade/shadow	Ben_Tey	kìkìlê:	k ì k ì l êː
2375	shade/shadow	Ben_Tey	kìkìlé	k ì k ì l é
2376	shade/shadow	Bankan_Tey	kìndô:	k ì n d ôː
2377	shade/shadow	Nanga	kìndê	k ì n d ê
2378	shade/shadow	Jamsay_Douentza	cìcìné	tʃ ì tʃ ì n é
2379	shade/shadow	Jamsay_Douentza	cǐn	tʃ ǐ n
2380	shade/shadow	Perge_Tegu	kìkìlé	k ì k ì l é
2381	shade/shadow	Gourou	kìkìné	k ì k ì n é
2382	shade/shadow	Jamsay_Mondoro	cìndójú	tʃ ì n d ó dʒ ú
2383	shade/shadow	Togo_Kan	kìné	k ì n é
2384	shade/shadow	Yorno_So	kìnî:	k ì n îː
2385	shade/shadow	Tommo_So	kìndíyé	k ì n d í j é
2386	shade/shadow	Dogul_Dom	kìndóò	k ì n d ôː
2387	shade/shadow	Yanda_Dom	kìndè	k ì n d è
2388	shade/shadow	Najamba	kìndô:	k ì n d ôː
2389	shade/shadow	Najamba	kìndê:	k ì n d êː
2390	shade/shadow	Tiranige	cíló	tʃ í l ó
2391	shade/shadow	Mombo	kíndó	k í n d ó
2392	shade/shadow	Bunoge	kìndò	k ì n d ò
2393	shade/shadow	Penange	kíndó	k í n d ó
190	skin/hide	Toro_Tegu	gùsú	ɡ ù s ú
191	skin/hide	Bangime	kíŋɡèɛ̀	k í ŋ ɡ è ɛ̀
192	skin/hide	Sangha_So	gùðú	ɡ ù ð ú
193	skin/hide	Ben_Tey	gùsú	ɡ ù s ú
194	skin/hide	Bankan_Tey	gùsú	ɡ ù s ú
195	skin/hide	Nanga	gùsí	ɡ ù s í
196	skin/hide	Jamsay_Douentza	gùjú	ɡ ù dʒ ú
197	skin/hide	Perge_Tegu	gùsú	ɡ ù s ú
198	skin/hide	Gourou	gùsú	ɡ ù s ú
199	skin/hide	Jamsay_Mondoro	gùjú	ɡ ù dʒ ú
200	skin/hide	Togo_Kan	gùjú	ɡ ù dʒ ú
201	skin/hide	Yorno_So	gùjú	ɡ ù dʒ ú
202	skin/hide	Tomo_Kan_Segue	jè:gù	dʒ èː ɡ ù
203	skin/hide	Tomo_Kan_Segue	gù	ɡ ù
204	skin/hide	Tomo_Kan_Diangassagou	gù:	ɡ ùː
205	skin/hide	Tommo_So	gùdú	ɡ ù d ú
206	skin/hide	Dogul_Dom	gúzúgú	ɡ ú z ú ɡ ú
207	skin/hide	Tebul_Ure	gùdùgó	ɡ ù d ù ɡ ó
208	skin/hide	Yanda_Dom	gùzù	ɡ ù z ù
209	skin/hide	Najamba	gùjú	ɡ ù dʒ ú
210	skin/hide	Najamba	gùjé	ɡ ù dʒ é
211	skin/hide	Tiranige	gwí:	ɡ w íː
212	skin/hide	Mombo	gújù	ɡ ú dʒ ù
213	skin/hide	Ampari	gùjú	ɡ ù dʒ ú
214	skin/hide	Bunoge	gwí	ɡ w í
215	skin/hide	Penange	gùjù	ɡ ù dʒ ù
1452	small	Toro_Tegu	tɛ̀gɛ̌y	t ɛ̀ ɡ ɛ̌ j
1453	small	Bangime	dáɣàj	d á ɣ à dʒ
1454	small	Bangime	kírìjɛ̀	k í r ì dʒ ɛ̀
1455	small	Sangha_So	ùsí	ù s í
1456	small	Sangha_So	ùðí	ù ð í
1457	small	Ben_Tey	dâ:w	d âː w
1458	small	Ben_Tey	dâ:m	d âː m
1459	small	Ben_Tey	dâ:	d âː
1460	small	Ben_Tey	tɛ᷈:	t ɛ᷈ː
1461	small	Ben_Tey	sàlâ:	s à l âː
1462	small	Ben_Tey	sàlâm	s à l â m
1463	small	Ben_Tey	sàlâ:	s à l âː
1464	small	Ben_Tey	ìlâ:	ì l âː
1465	small	Ben_Tey	ìlâm	ì l â m
1466	small	Ben_Tey	ìlâ:	ì l âː
1467	small	Bankan_Tey	sàndâm	s à n d â m
1468	small	Bankan_Tey	sàndâ:	s à n d âː
1469	small	Nanga	ɛ̀wrɛ́	ɛ̀ w r ɛ́
1470	small	Nanga	tɛ̀gɛ̂	t ɛ̀ ɡ ɛ̂
1471	small	Nanga	dágá	d á ɡ á
1472	small	Jamsay_Douentza	těyⁿ	t ě jⁿ
1473	small	Jamsay_Douentza	dáɣá	d á ɣ á
1474	small	Jamsay_Douentza	jì:ⁿlɛ́	dʒ ìːⁿ l ɛ́
1475	small	Perge_Tegu	dágá	d á ɡ á
1476	small	Perge_Tegu	tɛ̌yⁿ	t ɛ̌ jⁿ
1477	small	Gourou	dáɣá	d á ɣ á
1478	small	Togo_Kan	ùjú	ù dʒ ú
1479	small	Togo_Kan	ùjíⁿ	ù dʒ íⁿ
1480	small	Togo_Kan	sìⁿsí:ⁿ	s ìⁿ s íːⁿ
1481	small	Togo_Kan	dágá	d á ɡ á
1482	small	Togo_Kan	kɛ̌n	k ɛ̌ n
1483	small	Yorno_So	ùjìý	ù dʒ ì j́
1484	small	Yorno_So	dágà	d á ɡ à
1485	small	Yorno_So	gà:lǎy	ɡ àː l ǎ j
1486	small	Tommo_So	dàgí	d à ɡ í
1487	small	Tommo_So	gààlɛ̀ý	ɡ àː l ɛ̀ j́
1488	small	Dogul_Dom	dáág	d áː ɡ
1489	small	Dogul_Dom	dàgéégù	d à ɡ éː ɡ ù
1490	small	Tebul_Ure	sɛ̀gɛ́	s ɛ̀ ɡ ɛ́
1491	small	Tebul_Ure	sɛ̀gɛ́mbɔ̀	s ɛ̀ ɡ ɛ́ m b ɔ̀
1492	small	Yanda_Dom	bèbélè	b è b é l è
1493	small	Yanda_Dom	dàgá	d à ɡ á
1494	small	Yanda_Dom	kùnà	k ù n à
1495	small	Najamba	pàlɛ̂:	p à l ɛ̂ː
1496	small	Najamba	pàlâ:	p à l âː
1497	small	Tiranige	wéníwè	w é n í w è
1498	small	Mombo	dé:jé	d éː dʒ é
1499	small	Ampari	bɔ̀:rúwé	b ɔ̀ː r ú w é
1500	small	Bunoge	dà:mbè	d àː m b è
1501	small	Penange	ŋkà:líyè	ŋ k àː l í j è
1145	smoke	Toro_Tegu	kúmó	k ú m ó
1146	smoke	Bangime	bírɛ́ n jìjɛ́	b í r ɛ́ # n # dʒ ì dʒ ɛ́
1147	smoke	Sangha_So	kùkùmú	k ù k ù m ú
1148	smoke	Sangha_So	kùkǔm	k ù k ǔ m
1149	smoke	Ben_Tey	kùkùmbó	k ù k ù m b ó
1150	smoke	Bankan_Tey	kùkúmbó	k ù k ú m b ó
1151	smoke	Nanga	kùmbó	k ù m b ó
1152	smoke	Jamsay_Douentza	kùkùmɔ́	k ù k ù m ɔ́
1153	smoke	Perge_Tegu	kùkùmbó	k ù k ù m b ó
1154	smoke	Gourou	kùkùmó	k ù k ù m ó
1155	smoke	Jamsay_Mondoro	kìkùmó	k ì k ù m ó
1156	smoke	Togo_Kan	kùkúmó	k ù k ú m ó
1157	smoke	Yorno_So	kúmɔ́	k ú m ɔ́
1158	smoke	Tomo_Kan_Segue	kùⁿkùmì	k ùⁿ k ù m ì
1159	smoke	Tommo_So	kùmmɔ́	k ù m m ɔ́
1160	smoke	Dogul_Dom	kùmmɛ́	k ù m m ɛ́
1161	smoke	Tebul_Ure	kùmbó	k ù m b ó
1162	smoke	Yanda_Dom	kùmò	k ù m ò
1163	smoke	Najamba	kùmbú	k ù m b ú
1164	smoke	Najamba	kùmbí	k ù m b í
1165	smoke	Tiranige	kúmú	k ú m ú
1166	smoke	Mombo	kúmbè	k ú m b è
1167	smoke	Ampari	kúmbé	k ú m b é
1168	smoke	Bunoge	kúyè	k ú j è
1169	smoke	Penange	kùmbè	k ù m b è
1219	soil	Toro_Tegu	lɔ̀gú	l ɔ̀ ɡ ú
1220	soil	Bangime	ɡùwíɛ̀	ɡ ù w í ɛ̀
1221	soil	Sangha_So	pɔ́n	p ɔ́ n
1222	soil	Sangha_So	pɔ́nú	p ɔ́ n ú
1223	soil	Ben_Tey	lěw	l ě w
1224	soil	Bankan_Tey	lěy	l ě j
1225	soil	Nanga	lègí	l è ɡ í
1226	soil	Jamsay_Douentza	lègú	l è ɡ ú
1227	soil	Perge_Tegu	lègú	l è ɡ ú
1228	soil	Gourou	lègú	l è ɡ ú
1229	soil	Jamsay_Mondoro	lègú	l è ɡ ú
1230	soil	Togo_Kan	òsóró	ò s ó r ó
1231	soil	Yorno_So	làgú	l à ɡ ú
1232	soil	Tommo_So	ùnjúm	ù n dʒ ú m
1233	soil	Tebul_Ure	lègú	l è ɡ ú
1234	soil	Yanda_Dom	pɔ̀ndɔ̀	p ɔ̀ n d ɔ̀
1235	soil	Yanda_Dom	ùɲùmà	ù ɲ ù m à
1236	soil	Najamba	ǹjâ:	ǹ dʒ âː
1237	soil	Najamba	ǹjɛ̂:	ǹ dʒ ɛ̂ː
1238	soil	Tiranige	ɔ̀gɔ̀	ɔ̀ ɡ ɔ̀
1239	soil	Mombo	ɔ́gɔ́	ɔ́ ɡ ɔ́
1240	soil	Ampari	ɔ̀gɔ̀	ɔ̀ ɡ ɔ̀
1241	soil	Bunoge	bɔ̀gɔ̀	b ɔ̀ ɡ ɔ̀
1242	soil	Penange	ɔ̀gɔ́	ɔ̀ ɡ ɔ́
1315	star	Toro_Tegu	sémrěy	s é m r ě j
1316	star	Bangime	tòrèmɛ́	t ò r è m ɛ́
1317	star	Sangha_So	tòró	t ò r ó
1318	star	Ben_Tey	tóró	t ó r ó
1319	star	Bankan_Tey	bàndà kɔ̀:rɔ̌y	b à n d à # k ɔ̀ː r ɔ̌ j
1320	star	Nanga	wà:kɔ̀rɔ́	w àː k ɔ̀ r ɔ́
1321	star	Jamsay_Douentza	tóró	t ó r ó
1322	star	Perge_Tegu	tóró	t ó r ó
1323	star	Gourou	tóró	t ó r ó
1324	star	Togo_Kan	tóró	t ó r ó
1325	star	Yorno_So	tònòlòý	t ò n ò l ò j́
1326	star	Tommo_So	tòndòlòý	t ò n d ò l ò j́
1327	star	Dogul_Dom	tólò	t ó l ò
1328	star	Tebul_Ure	tóndó:	t ó n d óː
1329	star	Yanda_Dom	tóndóló	t ó n d ó l ó
1330	star	Yanda_Dom	sàrⁿàkɛ̀lɛ̀	s à rⁿ à k ɛ̀ l ɛ̀
1331	star	Najamba	ànjì	à n dʒ ì
1332	star	Najamba	ànjìkɔ̀lɛ́	à n dʒ ì k ɔ̀ l ɛ́
1333	star	Tiranige	kɔ̀lɔ̀ŋkɔ́lɔ̀wⁿ	k ɔ̀ l ɔ̀ ŋ k ɔ́ l ɔ̀ wⁿ
1334	star	Mombo	áŋkɔ́lɛ̀	á ŋ k ɔ́ l ɛ̀
1335	star	Ampari	wɛ́: kɛ̀rɛ̀ⁿkɛ́rɛ̀	w ɛ́ː # k ɛ̀ r ɛ̀ⁿ k ɛ́ r ɛ̀
1336	star	Bunoge	jɔ́ŋgúlɛ̀	dʒ ɔ́ ŋ ɡ ú l ɛ̀
1337	star	Penange	ɔ̀jɔ̀gɔ̀lɔ̀	ɔ̀ dʒ ɔ̀ ɡ ɔ̀ l ɔ̀
1193	stone/rock	Toro_Tegu	tùwó	t ù w ó
1194	stone/rock	Bangime	símèè	s í m èː
1195	stone/rock	Sangha_So	pɛ́gɛ́lɛ́	p ɛ́ ɡ ɛ́ l ɛ́
1196	stone/rock	Ben_Tey	kúrⁿù	k ú rⁿ ù
1197	stone/rock	Bankan_Tey	kúrⁿò	k ú rⁿ ò
1198	stone/rock	Nanga	kúrⁿô	k ú rⁿ ô
1199	stone/rock	Jamsay_Douentza	tùmó	t ù m ó
1200	stone/rock	Perge_Tegu	tùwó	t ù w ó
1201	stone/rock	Gourou	tùmó	t ù m ó
1202	stone/rock	Jamsay_Mondoro	tùmó	t ù m ó
1203	stone/rock	Togo_Kan	tùwó	t ù w ó
1204	stone/rock	Yorno_So	tìbú	t ì b ú
1205	stone/rock	Yorno_So	dúmɔ́	d ú m ɔ́
1206	stone/rock	Tommo_So	dúmbɔ́	d ú m b ɔ́
1207	stone/rock	Tommo_So	tíbé	t í b é
1208	stone/rock	Dogul_Dom	kínú	k í n ú
1209	stone/rock	Tebul_Ure	cínú	tʃ í n ú
1210	stone/rock	Yanda_Dom	cìn	tʃ ì n
1211	stone/rock	Najamba	kìnû:	k ì n ûː
1212	stone/rock	Najamba	kǐnbò	k ǐ n b ò
1213	stone/rock	Tiranige	cé:mbè	tʃ éː m b è
1214	stone/rock	Mombo	kínnì	k í n n ì
1215	stone/rock	Ampari	kínì	k í n ì
1216	stone/rock	Bunoge	kínì	k í n ì
1217	stone/rock	Penange	kìnì	k ì n ì
1218	stone/rock	Penange	kìn wê:	k ì n # w êː
1897	sweet	Toro_Tegu	ètú	è t ú
1898	sweet	Bangime	déɛ́rè	d é ɛ́ r è
1899	sweet	Ben_Tey	ɛ́rìm	ɛ́ r ì m
1900	sweet	Bankan_Tey	ɛ́rùm	ɛ́ r ù m
1901	sweet	Nanga	ɛ́rî	ɛ́ r î
1902	sweet	Jamsay_Douentza	érù	é r ù
1903	sweet	Perge_Tegu	érù	é r ù
1904	sweet	Gourou	érù	é r ù
1905	sweet	Jamsay_Mondoro	érù	é r ù
1906	sweet	Togo_Kan	ɛ́lú	ɛ́ l ú
1907	sweet	Yorno_So	ɛ̂:l	ɛ̂ː l
1908	sweet	Yorno_So	ɛ́lɛ̀l	ɛ́ l ɛ̀ l
1909	sweet	Tommo_So	ɛ́lɛ́lú	ɛ́ l ɛ́ l ú
1910	sweet	Dogul_Dom	ɛ̀llɛ́	ɛ̀ l l ɛ́
1911	sweet	Yanda_Dom	ɛ̌l	ɛ̌ l
1912	sweet	Najamba	ɛ̀líyè	ɛ̀ l í j è
1913	sweet	Najamba	ɛ̌lŋgò	ɛ̌ l ŋ ɡ ò
1914	sweet	Tiranige	ní:njí	n íː n dʒ í
1915	sweet	Mombo	ɛ́llá	ɛ́ l l á
1916	sweet	Mombo	ɛ́lɛ́lá	ɛ́ l ɛ́ l á
1917	sweet	Bunoge	dènjì	d è n dʒ ì
1918	sweet	Penange	nsì:ⁿ	n s ìːⁿ
796	tail	Toro_Tegu	báná	b á n á
797	tail	Bangime	tííⁿ	t íːⁿ
798	tail	Sangha_So	dúlɔ́	d ú l ɔ́
799	tail	Ben_Tey	dúrɔ̀	d ú r ɔ̀
800	tail	Bankan_Tey	dúrà	d ú r à
801	tail	Nanga	dúrâ	d ú r â
802	tail	Jamsay_Douentza	dúrɔ́	d ú r ɔ́
803	tail	Perge_Tegu	dúrɔ́	d ú r ɔ́
804	tail	Gourou	dùrɔ́	d ù r ɔ́
805	tail	Togo_Kan	dúrɔ́	d ú r ɔ́
806	tail	Yorno_So	dúlɔ̀	d ú l ɔ̀
807	tail	Tomo_Kan_Segue	jìlá	dʒ ì l á
808	tail	Tommo_So	dúlɔ́	d ú l ɔ́
809	tail	Dogul_Dom	dúlò	d ú l ò
810	tail	Tebul_Ure	dúlá:	d ú l áː
811	tail	Yanda_Dom	dùlɔ́	d ù l ɔ́
812	tail	Najamba	dúlɔ̀:	d ú l ɔ̀ː
813	tail	Najamba	dúlɛ̀:	d ú l ɛ̀ː
814	tail	Tiranige	dìlɔ̀	d ì l ɔ̀
815	tail	Mombo	dúlɔ́	d ú l ɔ́
816	tail	Ampari	dìrɔ́	d ì r ɔ́
817	tail	Bunoge	dílɔ̀	d í l ɔ̀
818	tail	Penange	dìlɔ̀	d ì l ɔ̀
508	thigh	Toro_Tegu	pàgá	p à ɡ á
509	thigh	Bangime	tóŋɡórò	t ó ŋ ɡ ó r ò
510	thigh	Sangha_So	pàɣá	p à ɣ á
511	thigh	Ben_Tey	pìpǎ:	p ì p ǎː
512	thigh	Bankan_Tey	pǎ:	p ǎː
513	thigh	Nanga	pàgá	p à ɡ á
514	thigh	Jamsay_Douentza	dáŋárⁿá	d á ŋ á rⁿ á
515	thigh	Jamsay_Douentza	dígɛ́	d í ɡ ɛ́
516	thigh	Perge_Tegu	pàpàgá	p à p à ɡ á
517	thigh	Gourou	dígɛ́	d í ɡ ɛ́
518	thigh	Togo_Kan	tɔ̀wɔ́	t ɔ̀ w ɔ́
519	thigh	Yorno_So	pàgá	p à ɡ á
520	thigh	Tomo_Kan_Segue	pàʔá	p à ʔ á
521	thigh	Tomo_Kan_Diangassagou	pàgà	p à ɡ à
522	thigh	Tommo_So	ànù pàgá	à n ù # p à ɡ á
523	thigh	Dogul_Dom	páágá	p áː ɡ á
524	thigh	Tebul_Ure	pàgá	p à ɡ á
525	thigh	Yanda_Dom	pàgà	p à ɡ à
526	thigh	Najamba	nà:págà:	n àː p á ɡ àː
527	thigh	Najamba	págɛ̀:	p á ɡ ɛ̀ː
528	thigh	Tiranige	pàgà	p à ɡ à
2454	this	Bangime	kɛ́ʋɛ̀	k ɛ́ ʋ ɛ̀
2455	this	Sangha_So	ɔ́ɔ́ⁿ	ɔ́ːⁿ
2456	this	Ben_Tey	mǔ:	m ǔː
2457	this	Togo_Kan	nɔ́:	n ɔ́ː
2458	this	Yorno_So	nɔ̌:	n ɔ̌ː
2459	this	Tebul_Ure	ògú	ò ɡ ú
2460	this	Yanda_Dom	ŋ̀gó	ŋ̀ ɡ ó
2461	this	Najamba	ǒm	ǒ m
2462	this	Tiranige	mbó	m b ó
2463	this	Penange	ínì	í n ì
2017	to bite	Toro_Tegu	cɛ́rú	tʃ ɛ́ r ú
2018	to bite	Toro_Tegu	cɛ́rá	tʃ ɛ́ r á
2019	to bite	Bangime	támbà/táw̃à	t á m b à t á wⁿ à
2020	to bite	Sangha_So	kɛ́rú	k ɛ́ r ú
2021	to bite	Ben_Tey	kúwó	k ú w ó
2022	to bite	Bankan_Tey	kúwó	k ú w ó
2023	to bite	Nanga	kúwó	k ú w ó
2024	to bite	Jamsay_Douentza	cɛ́rɛ́	tʃ ɛ́ r ɛ́
2025	to bite	Perge_Tegu	kɛ́rɛ́	k ɛ́ r ɛ́
2026	to bite	Gourou	kɛ́rɛ́	k ɛ́ r ɛ́
2027	to bite	Jamsay_Mondoro	cɛ́rɛ́	tʃ ɛ́ r ɛ́
2028	to bite	Togo_Kan	kɛ́rɛ́	k ɛ́ r ɛ́
2029	to bite	Yorno_So	kɛ́rɛ́	k ɛ́ r ɛ́
2030	to bite	Yorno_So	kɛ́rɛ́	k ɛ́ r ɛ́
2031	to bite	Tommo_So	kɛ́rɛ́	k ɛ́ r ɛ́
2032	to bite	Tebul_Ure	cɛ́rɛ́	tʃ ɛ́ r ɛ́
2033	to bite	Yanda_Dom	kɛ́dɛ́	k ɛ́ d ɛ́
2034	to bite	Yanda_Dom	kɛ́dálì	k ɛ́ d á l ì
2035	to bite	Najamba	kɛ́rɛ́	k ɛ́ r ɛ́
2036	to bite	Tiranige	cɛ́rɔ́	tʃ ɛ́ r ɔ́
2037	to bite	Mombo	núŋgɛ́	n ú ŋ ɡ ɛ́
2038	to bite	Ampari	dígò	d í ɡ ò
2039	to bite	Bunoge	núnjè	n ú n dʒ è
2040	to bite	Penange	núŋgɛ́	n ú ŋ ɡ ɛ́
1170	to blow	Toro_Tegu	púrú	p ú r ú
1171	to blow	Toro_Tegu	púró	p ú r ó
1172	to blow	Bangime	píjù	p í dʒ ù
1173	to blow	Sangha_So	púúbí	p úː b í
1174	to blow	Ben_Tey	pú:rⁿú	p úː rⁿ ú
1175	to blow	Bankan_Tey	pú:rⁿí	p úː rⁿ í
1176	to blow	Nanga	púmírⁿí	p ú m í rⁿ í
1177	to blow	Jamsay_Douentza	píwɛ́	p í w ɛ́
1178	to blow	Perge_Tegu	píyɛ́	p í j ɛ́
1179	to blow	Gourou	fíwé	f í w é
1180	to blow	Togo_Kan	ɲɛ́: píyé	ɲ ɛ́ː # p í j é
1181	to blow	Yorno_So	púbɛ́:	p ú b ɛ́ː
1182	to blow	Yorno_So	púbí:	p ú b íː
1183	to blow	Tomo_Kan_Segue	húbí	h ú b í
1184	to blow	Tommo_So	ɲǎm púúbíyó	ɲ ǎ m # p úː b í j ó
1185	to blow	Tebul_Ure	útú púbí:	ú t ú # p ú b íː
1186	to blow	Yanda_Dom	pú:bíyɛ́	p úː b í j ɛ́
1187	to blow	Najamba	púmíl	p ú m í l
1188	to blow	Najamba	pùmìlè	p ù m ì l è
1189	to blow	Tiranige	púmbúló	p ú m b ú l ó
1190	to blow	Mombo	púbúlè	p ú b ú l è
1191	to blow	Bunoge	púbúlè	p ú b ú l è
1192	to blow	Penange	púbúlè	p ú b ú l è
1850	to blow	Toro_Tegu	púrú	p ú r ú
1851	to blow	Toro_Tegu	púró	p ú r ó
1852	to blow	Bangime	píjù	p í dʒ ù
1853	to blow	Ben_Tey	súsɔ́	s ú s ɔ́
1854	to blow	Bankan_Tey	súsá	s ú s á
1855	to blow	Bankan_Tey	pú:rⁿí	p úː rⁿ í
1856	to blow	Nanga	túsɔ́	t ú s ɔ́
1857	to blow	Jamsay_Douentza	sújɔ́	s ú dʒ ɔ́
1858	to blow	Jamsay_Douentza	píwɛ́	p í w ɛ́
1859	to blow	Perge_Tegu	tú:sɔ́	t úː s ɔ́
1860	to blow	Jamsay_Mondoro	píwɛ́	p í w ɛ́
1861	to blow	Togo_Kan	sìjɛ̌ⁿ síjɛ́	s ì dʒ ɛ̌ⁿ # s í dʒ ɛ́
1862	to blow	Yorno_So	sújɔ́	s ú dʒ ɔ́
1863	to blow	Tommo_So	súdɔ́	s ú d ɔ́
1864	to blow	Yanda_Dom	súzɛ́	s ú z ɛ́
1865	to blow	Yanda_Dom	súzálì	s ú z á l ì
1866	to blow	Najamba	sújɛ́	s ú dʒ ɛ́
1867	to blow	Tiranige	bám	b á m
1868	to blow	Mombo	pè:mbé píjé	p èː m b é # p í dʒ é
2349	to burn (intr.)	Toro_Tegu	dɔ́	d ɔ́
2350	to burn (intr.)	Toro_Tegu	dɔ́	d ɔ́
2351	to burn (intr.)	Bangime	síìwò	s îː w ò
2352	to burn (intr.)	Ben_Tey	dɔ̌	d ɔ̌
2353	to burn (intr.)	Bankan_Tey	dɔ́	d ɔ́
2354	to burn (intr.)	Nanga	kúwómí	k ú w ó m í
2355	to burn (intr.)	Jamsay_Douentza	dɛ̌:	d ɛ̌ː
2356	to burn (intr.)	Perge_Tegu	dɛ̌:	d ɛ̌ː
2357	to burn (intr.)	Jamsay_Mondoro	dɛ̌:	d ɛ̌ː
2358	to burn (intr.)	Togo_Kan	tɛ́:rì	t ɛ́ː r ì
2359	to burn (intr.)	Yorno_So	dɛ̌:	d ɛ̌ː
2360	to burn (intr.)	Yorno_So	dɛ̌:	d ɛ̌ː
2361	to burn (intr.)	Tommo_So	dìyⁿɛ́	d ì jⁿ ɛ́
2362	to burn (intr.)	Yanda_Dom	gòlò kúndó	ɡ ò l ò # k ú n d ó
2363	to burn (intr.)	Najamba	tógándí	t ó ɡ á n d í
2364	to burn (intr.)	Tiranige	súwó	s ú w ó
2365	to burn (intr.)	Tiranige	táŋgám	t á ŋ ɡ á m
2366	to burn (intr.)	Mombo	yá:rè	j áː r è
2367	to burn (intr.)	Ampari	já:dò	dʒ áː d ò
2368	to burn (intr.)	Bunoge	súmbɛ̀	s ú m b ɛ̀
2369	to burn (intr.)	Penange	yá:rè	j áː r è
2116	to carry	Toro_Tegu	dí	d í
2117	to carry	Toro_Tegu	dé	d é
2118	to carry	Bangime	ɕíɛ́rɛ̀	ɕ í ɛ́ r ɛ̀
2119	to carry	Ben_Tey	dǔ	d ǔ
2120	to carry	Bankan_Tey	dú	d ú
2121	to carry	Nanga	dǔ:yí	d ǔː j í
2122	to carry	Jamsay_Douentza	dě:	d ěː
2123	to carry	Perge_Tegu	dìyé	d ì j é
2124	to carry	Gourou	dé:	d éː
2125	to carry	Jamsay_Mondoro	dě:	d ěː
2126	to carry	Togo_Kan	dùwî:	d ù w îː
2127	to carry	Togo_Kan	dùwɛ́:	d ù w ɛ́ː
2128	to carry	Yorno_So	dùyɛ́:	d ù j ɛ́ː
2129	to carry	Yorno_So	dùyí:	d ù j íː
2130	to carry	Tommo_So	dùyíyɔ́	d ù j í j ɔ́
2131	to carry	Dogul_Dom	dùyyɛ́	d ù j j ɛ́
2132	to carry	Tebul_Ure	dǐ	d ǐ
2133	to carry	Yanda_Dom	dìyɛ́	d ì j ɛ́
2134	to carry	Yanda_Dom	dìyàlí	d ì j à l í
2135	to carry	Najamba	dìyɛ́	d ì j ɛ́
2136	to carry	Tiranige	dúyɔ́	d ú j ɔ́
2137	to carry	Mombo	dúyɛ̂:	d ú j ɛ̂ː
2138	to carry	Bunoge	dúyyɛ̀	d ú j j ɛ̀
2139	to carry	Penange	dúyɛ́	d ú j ɛ́
2067	to come	Toro_Tegu	yèrú	j è r ú
2068	to come	Toro_Tegu	yèrí	j è r í
2069	to come	Bangime	n ŋɔ̌	n # ŋ ɔ̌
2070	to come	Ben_Tey	yɛ̌	j ɛ̌
2071	to come	Bankan_Tey	wɔ́	w ɔ́
2072	to come	Bankan_Tey	wá	w á
2073	to come	Nanga	yě:	j ěː
2074	to come	Jamsay_Douentza	yɛ̀rɛ́	j ɛ̀ r ɛ́
2075	to come	Perge_Tegu	wǎ:	w ǎː
2076	to come	Gourou	yɛ̀rɛ́	j ɛ̀ r ɛ́
2077	to come	Jamsay_Mondoro	yɛ̀rɛ́	j ɛ̀ r ɛ́
2078	to come	Togo_Kan	yɛ̀rɛ́	j ɛ̀ r ɛ́
2079	to come	Yorno_So	wɛ̀lɛ́	w ɛ̀ l ɛ́
2080	to come	Yorno_So	wɛ̀lɛ́	w ɛ̀ l ɛ́
2081	to come	Tommo_So	yɛ̀lɛ́	j ɛ̀ l ɛ́
2082	to come	Dogul_Dom	mɛ̀nɛ́	m ɛ̀ n ɛ́
2083	to come	Tebul_Ure	wɔ̌:	w ɔ̌ː
2084	to come	Yanda_Dom	wó	w ó
2085	to come	Yanda_Dom	wòlí	w ò l í
2086	to come	Najamba	wé	w é
2087	to come	Najamba	wè	w è
2088	to come	Tiranige	yógó	j ó ɡ ó
2089	to come	Mombo	égé	é ɡ é
2090	to come	Ampari	égò	é ɡ ò
2091	to come	Bunoge	ʔégè	ʔ é ɡ è
2092	to come	Penange	égé	é ɡ é
1048	to crush/grind	Toro_Tegu	nǎm	n ǎ m
1049	to crush/grind	Toro_Tegu	nàwⁿá	n à wⁿ á
1050	to crush/grind	Bangime	nnàá	n n ǎː
1051	to crush/grind	Sangha_So	pùnǎwⁿ	p ù n ǎ wⁿ
1052	to crush/grind	Ben_Tey	nàwⁿá	n à wⁿ á
1053	to crush/grind	Bankan_Tey	nàmá	n à m á
1054	to crush/grind	Nanga	nàmá	n à m á
1055	to crush/grind	Jamsay_Douentza	nɔ̀wⁿɔ́	n ɔ̀ wⁿ ɔ́
1056	to crush/grind	Perge_Tegu	nàwⁿá	n à wⁿ á
1057	to crush/grind	Gourou	nɔ̀wⁿɔ́	n ɔ̀ wⁿ ɔ́
1058	to crush/grind	Jamsay_Mondoro	nɔ̀wⁿɔ́	n ɔ̀ wⁿ ɔ́
1059	to crush/grind	Togo_Kan	nɔ̀wⁿɔ́	n ɔ̀ wⁿ ɔ́
1060	to crush/grind	Yorno_So	nàwⁿá	n à wⁿ á
1061	to crush/grind	Tomo_Kan_Segue	nɛ̀mɛ̀	n ɛ̀ m ɛ̀
1062	to crush/grind	Tommo_So	nàmá	n à m á
1063	to crush/grind	Tebul_Ure	nàmá	n à m á
1064	to crush/grind	Yanda_Dom	nǎm	n ǎ m
1065	to crush/grind	Yanda_Dom	nàmàlí	n à m à l í
1066	to crush/grind	Najamba	nǎm	n ǎ m
1067	to crush/grind	Najamba	nàmè	n à m è
1068	to crush/grind	Tiranige	námɔ́	n á m ɔ́
1069	to crush/grind	Mombo	sá:rè	s áː r è
1070	to crush/grind	Bunoge	námì	n á m ì
1071	to crush/grind	Penange	námí	n á m í
1869	to cry/weep	Toro_Tegu	yí	j í
1870	to cry/weep	Toro_Tegu	yɛ́	j ɛ́
1871	to cry/weep	Toro_Tegu	pí	p í
1872	to cry/weep	Toro_Tegu	pé	p é
1873	to cry/weep	Bangime	ʒíí	ʒ íː
1874	to cry/weep	Sangha_So	píí	p íː
1875	to cry/weep	Ben_Tey	yɔ́	j ɔ́
1876	to cry/weep	Bankan_Tey	yɔ́	j ɔ́
1877	to cry/weep	Nanga	kóyó	k ó j ó
1878	to cry/weep	Jamsay_Douentza	ɛ̌:ⁿ	ɛ̌ːⁿ
1879	to cry/weep	Jamsay_Douentza	pé:	p éː
1880	to cry/weep	Perge_Tegu	kóyó	k ó j ó
1881	to cry/weep	Gourou	ɛ́:ⁿ	ɛ́ːⁿ
1882	to cry/weep	Jamsay_Mondoro	ɛ̌:ⁿ	ɛ̌ːⁿ
1883	to cry/weep	Togo_Kan	kɔ́:ⁿ	k ɔ́ːⁿ
1884	to cry/weep	Yorno_So	pí:	p íː
1885	to cry/weep	Yorno_So	pí:	p íː
1886	to cry/weep	Yorno_So	yé:	j éː
1887	to cry/weep	Yorno_So	yé:	j éː
1888	to cry/weep	Tommo_So	píyé	p í j é
1889	to cry/weep	Yanda_Dom	yɛ́	j ɛ́
1890	to cry/weep	Yanda_Dom	yálì	j á l ì
1891	to cry/weep	Najamba	ɲɛ́	ɲ ɛ́
1892	to cry/weep	Najamba	ɲɛ̀	ɲ ɛ̀
1893	to cry/weep	Tiranige	kɔ́mɔ́	k ɔ́ m ɔ́
1894	to cry/weep	Mombo	wɛ́:	w ɛ́ː
1895	to cry/weep	Bunoge	pê:	p êː
1896	to cry/weep	Penange	wwɛ́:	w w ɛ́ː
2163	to do/make	Toro_Tegu	kárⁿú	k á rⁿ ú
2164	to do/make	Toro_Tegu	kárⁿá	k á rⁿ á
2165	to do/make	Bangime	jérò	dʒ é r ò
2166	to do/make	Sangha_So	kárⁿá	k á rⁿ á
2167	to do/make	Ben_Tey	káyⁿ	k á jⁿ
2168	to do/make	Bankan_Tey	káŋ	k á ŋ
2169	to do/make	Nanga	kárⁿí	k á rⁿ í
2170	to do/make	Jamsay_Douentza	kárⁿá	k á rⁿ á
2171	to do/make	Perge_Tegu	kárⁿá	k á rⁿ á
2172	to do/make	Gourou	kárⁿá	k á rⁿ á
2173	to do/make	Jamsay_Mondoro	kárⁿá	k á rⁿ á
2174	to do/make	Togo_Kan	bìrɛ́	b ì r ɛ́
2175	to do/make	Yorno_So	kárⁿá	k á rⁿ á
2176	to do/make	Tommo_So	káná	k á n á
2177	to do/make	Dogul_Dom	kànɛ́	k à n ɛ́
2178	to do/make	Tebul_Ure	kán	k á n
2179	to do/make	Yanda_Dom	kán	k á n
2180	to do/make	Yanda_Dom	kárⁿálì	k á rⁿ á l ì
2181	to do/make	Najamba	kán	k á n
2182	to do/make	Najamba	kànè	k à n è
2183	to do/make	Tiranige	kán	k á n
2184	to do/make	Mombo	kání	k á n í
2185	to do/make	Bunoge	kánì	k á n ì
2186	to do/make	Penange	kání	k á n í
2187	to do/make	Penange	kán	k á n
924	to drink	Toro_Tegu	ní	n í
925	to drink	Toro_Tegu	nɛ́	n ɛ́
926	to drink	Bangime	ɲìjɛ́	ɲ ì dʒ ɛ́
927	to drink	Sangha_So	nɔ́j	n ɔ́ dʒ
928	to drink	Ben_Tey	nɔ̌	n ɔ̌
929	to drink	Bankan_Tey	nɔ́	n ɔ́
930	to drink	Nanga	nɔ̌:	n ɔ̌ː
931	to drink	Jamsay_Douentza	nɔ̌:	n ɔ̌ː
932	to drink	Perge_Tegu	nɛ̌:	n ɛ̌ː
933	to drink	Gourou	nɔ̌:	n ɔ̌ː
934	to drink	Jamsay_Mondoro	nɔ̌:	n ɔ̌ː
935	to drink	Togo_Kan	nɔ̌:	n ɔ̌ː
936	to drink	Yorno_So	nɔ̌:	n ɔ̌ː
937	to drink	Yorno_So	nɔ̌:	n ɔ̌ː
938	to drink	Tomo_Kan_Segue	nwɛ̀:	n w ɛ̀ː
939	to drink	Tommo_So	nɔ́ɔ́	n ɔ́ː
940	to drink	Dogul_Dom	nɛ̀ɛ́	n ɛ̌ː
941	to drink	Tebul_Ure	ɲɛ́	ɲ ɛ́
942	to drink	Yanda_Dom	nìyⁿɛ́	n ì jⁿ ɛ́
943	to drink	Yanda_Dom	nìyⁿàlí	n ì jⁿ à l í
944	to drink	Najamba	nɛ́	n ɛ́
945	to drink	Tiranige	ɲɔ́:	ɲ ɔ́ː
946	to drink	Mombo	nyɛ́:	n j ɛ́ː
947	to drink	Ampari	nɔ̂:	n ɔ̂ː
948	to drink	Bunoge	nɛ̂:	n ɛ̂ː
949	to drink	Penange	nɛ́:	n ɛ́ː
977	to eat	Toro_Tegu	lí	l í
978	to eat	Toro_Tegu	lɛ́	l ɛ́
979	to eat	Bangime	dìjá	d ì dʒ á
980	to eat	Ben_Tey	ɲɛ́	ɲ ɛ́
981	to eat	Bankan_Tey	ɲɛ́	ɲ ɛ́
982	to eat	Nanga	kɔ́:	k ɔ́ː
983	to eat	Jamsay_Douentza	ɲɛ́:	ɲ ɛ́ː
984	to eat	Perge_Tegu	ɲɛ́:	ɲ ɛ́ː
985	to eat	Gourou	ɲɛ́:	ɲ ɛ́ː
986	to eat	Togo_Kan	ɲí:	ɲ íː
987	to eat	Togo_Kan	ɲí:	ɲ íː
988	to eat	Yorno_So	ká:	k áː
989	to eat	Tomo_Kan_Segue	ɲɛ́:	ɲ ɛ́ː
990	to eat	Tommo_So	ńyɛ́	ń j ɛ́
991	to eat	Dogul_Dom	ɲɛ̀ɛ́	ɲ ɛ̌ː
992	to eat	Tebul_Ure	ɲɛ́	ɲ ɛ́
993	to eat	Yanda_Dom	ʔə́ɲɛ́	ʔ ə́ ɲ ɛ́
994	to eat	Yanda_Dom	ʔə́ɲálì	ʔ ə́ ɲ á l ì
995	to eat	Najamba	kwɛ́	k w ɛ́
996	to eat	Tiranige	ɲɔ́:	ɲ ɔ́ː
997	to eat	Mombo	ɲɛ́:	ɲ ɛ́ː
998	to eat	Ampari	yɔ̂:	j ɔ̂ː
999	to eat	Bunoge	jɛ̂:	dʒ ɛ̂ː
1000	to eat	Penange	ɲɛ́:	ɲ ɛ́ː
2140	to fall	Toro_Tegu	lǔw	l ǔ w
2141	to fall	Toro_Tegu	lùwó	l ù w ó
2142	to fall	Bangime	tíbírí	t í b í r í
2143	to fall	Sangha_So	nùmú	n ù m ú
2144	to fall	Ben_Tey	yàɣá	j à ɣ á
2145	to fall	Bankan_Tey	yǎ:	j ǎː
2146	to fall	Nanga	yɛ̀gɛ́	j ɛ̀ ɡ ɛ́
2147	to fall	Jamsay_Douentza	nùmó	n ù m ó
2148	to fall	Perge_Tegu	nùmbɔ́	n ù m b ɔ́
2149	to fall	Gourou	nùmó	n ù m ó
2150	to fall	Jamsay_Mondoro	nùmó	n ù m ó
2151	to fall	Togo_Kan	bàgá	b à ɡ á
2152	to fall	Yorno_So	nùmɔ́	n ù m ɔ́
2153	to fall	Yorno_So	nùmú	n ù m ú
2154	to fall	Tommo_So	nùmbó	n ù m b ó
2155	to fall	Dogul_Dom	yɛ̀gɛ́	j ɛ̀ ɡ ɛ́
2156	to fall	Yanda_Dom	pílé	p í l é
2157	to fall	Yanda_Dom	pílélì	p í l é l ì
2158	to fall	Najamba	dɛ̀ŋɛ́	d ɛ̀ ŋ ɛ́
2159	to fall	Tiranige	dúmbɔ́	d ú m b ɔ́
2160	to fall	Mombo	yɛ́gɛ́	j ɛ́ ɡ ɛ́
2161	to fall	Bunoge	túbbɛ̀	t ú b b ɛ̀
2162	to fall	Penange	tíbɛ́	t í b ɛ́
1573	to give	Toro_Tegu	ów	ó w
1574	to give	Toro_Tegu	ów	ó w
1575	to give	Bangime	n ɲáẁ	n # ɲ á ẁ
1576	to give	Sangha_So	óbú	ó b ú
1577	to give	Ben_Tey	ní	n í
1578	to give	Bankan_Tey	ní	n í
1579	to give	Nanga	ńdí	ń d í
1580	to give	Jamsay_Douentza	ó:	óː
1581	to give	Perge_Tegu	ó:	óː
1582	to give	Gourou	ó:	óː
1583	to give	Jamsay_Mondoro	ó:	óː
1584	to give	Togo_Kan	ó	ó
1585	to give	Yorno_So	óbó	ó b ó
1586	to give	Yorno_So	óbú	ó b ú
1587	to give	Tommo_So	óbó	ó b ó
1588	to give	Dogul_Dom	ǹdɛ́	ǹ d ɛ́
1589	to give	Tebul_Ure	ńdì	ń d ì
1590	to give	Yanda_Dom	ńdɛ́	ń d ɛ́
1591	to give	Yanda_Dom	ǹdàlí	ǹ d à l í
1592	to give	Najamba	ǹdɛ́	ǹ d ɛ́
1593	to give	Najamba	ǹdírɛ́	ǹ d í r ɛ́
1594	to give	Tiranige	ndó	n d ó
1595	to give	Mombo	ńdɛ́	ń d ɛ́
1596	to give	Ampari	táwò	t á w ò
1597	to give	Bunoge	tábè	t á b è
1598	to give	Penange	tábé	t á b é
2041	to go	Toro_Tegu	yǎy	j ǎ j
2042	to go	Toro_Tegu	yàyá	j à j á
2043	to go	Bangime	wòrè	w ò r è
2044	to go	Sangha_So	jàá	dʒ ǎː
2045	to go	Ben_Tey	ló	l ó
2046	to go	Bankan_Tey	ǹdó	ǹ d ó
2047	to go	Nanga	ńné	ń n é
2048	to go	Jamsay_Douentza	yǎ:	j ǎː
2049	to go	Perge_Tegu	yǎ:	j ǎː
2050	to go	Gourou	yǎ:	j ǎː
2051	to go	Togo_Kan	yě	j ě
2052	to go	Togo_Kan	yǎ:	j ǎː
2053	to go	Yorno_So	yǎ:	j ǎː
2054	to go	Yorno_So	yǎy	j ǎ j
2055	to go	Tommo_So	yàá	j ǎː
2056	to go	Dogul_Dom	bɔ̀lɛ́	b ɔ̀ l ɛ́
2057	to go	Tebul_Ure	yǎy	j ǎ j
2058	to go	Yanda_Dom	ún	ú n
2059	to go	Yanda_Dom	úrⁿé	ú rⁿ é
2060	to go	Yanda_Dom	únlì	ú n l ì
2061	to go	Najamba	ín	í n
2062	to go	Najamba	ìnè	ì n è
2063	to go	Tiranige	ún	ú n
2064	to go	Mombo	ándé	á n d é
2065	to go	Bunoge	gé:ndè	ɡ éː n d è
2066	to go	Penange	ándè	á n d è
1827	to hear	Toro_Tegu	ɛ́gú	ɛ́ ɡ ú
1828	to hear	Toro_Tegu	ɛ́gá	ɛ́ ɡ á
1829	to hear	Bangime	nnórè	n n ó r è
1830	to hear	Ben_Tey	nǔ	n ǔ
1831	to hear	Bankan_Tey	nú	n ú
1832	to hear	Nanga	nǔyⁿ	n ǔ jⁿ
1833	to hear	Jamsay_Douentza	áɣá	á ɣ á
1834	to hear	Perge_Tegu	ɛ́gɛ́	ɛ́ ɡ ɛ́
1835	to hear	Jamsay_Mondoro	áɣá	á ɣ á
1836	to hear	Togo_Kan	ɛ́gɛ́	ɛ́ ɡ ɛ́
1837	to hear	Yorno_So	ɛ́gɛ́	ɛ́ ɡ ɛ́
1838	to hear	Tommo_So	ɛ́gɛ́	ɛ́ ɡ ɛ́
1839	to hear	Dogul_Dom	nùŋɛ́	n ù ŋ ɛ́
1840	to hear	Tebul_Ure	nɔ́	n ɔ́
1841	to hear	Yanda_Dom	nɔ́	n ɔ́
1842	to hear	Yanda_Dom	nwàlí	n w à l í
1843	to hear	Najamba	ŋwɛ́	ŋ w ɛ́
1844	to hear	Najamba	ŋwɛ̀	ŋ w ɛ̀
1845	to hear	Tiranige	nú:ndó	n úː n d ó
1846	to hear	Mombo	núndé	n ú n d é
1847	to hear	Ampari	mánù	m á n ù
1848	to hear	Bunoge	núndè	n ú n d è
1849	to hear	Penange	núndé	n ú n d é
1802	to hide	Toro_Tegu	súmíyⁿ	s ú m í jⁿ
1803	to hide	Toro_Tegu	súmíyⁿó	s ú m í jⁿ ó
1804	to hide	Toro_Tegu	símíyⁿ	s í m í jⁿ
1805	to hide	Toro_Tegu	símíyⁿó	s í m í jⁿ ó
1806	to hide	Bangime	dándí mì	d á n d í # m ì
1807	to hide	Ben_Tey	bàŋgìyí	b à ŋ ɡ ì j í
1808	to hide	Ben_Tey	jɔ̀:yí	dʒ ɔ̀ː j í
1809	to hide	Bankan_Tey	zɔ̀wíyí	z ɔ̀ w í j í
1810	to hide	Nanga	dàwíyí	d à w í j í
1811	to hide	Jamsay_Douentza	bàŋá	b à ŋ á
1812	to hide	Perge_Tegu	súgúyó	s ú ɡ ú j ó
1813	to hide	Gourou	bàŋá	b à ŋ á
1814	to hide	Togo_Kan	bàŋî:	b à ŋ îː
1815	to hide	Yorno_So	bàŋɛ́:	b à ŋ ɛ́ː
1816	to hide	Yorno_So	bàŋí:	b à ŋ íː
1817	to hide	Tommo_So	bààŋíyɛ́	b àː ŋ í j ɛ́
1818	to hide	Yanda_Dom	bánjɛ́	b á n dʒ ɛ́
1819	to hide	Yanda_Dom	bànjàlí	b à n dʒ à l í
1820	to hide	Najamba	síbíy	s í b í j
1821	to hide	Najamba	sìbìyè	s ì b ì j è
1822	to hide	Tiranige	jínɔ́	dʒ í n ɔ́
1823	to hide	Mombo	kú:yɛ̀	k úː j ɛ̀
1824	to hide	Mombo	dábyê:	d á b j êː
1825	to hide	Bunoge	yóggè	j ó ɡ ɡ è
1826	to hide	Penange	kúyɛ́	k ú j ɛ́
1988	to hit/beat	Toro_Tegu	tɛ́w	t ɛ́ w
1989	to hit/beat	Toro_Tegu	tɛ́wá	t ɛ́ w á
1990	to hit/beat	Bangime	déɡù	d é ɡ ù
1991	to hit/beat	Sangha_So	lògí	l ò ɡ í
1992	to hit/beat	Ben_Tey	súyɔ́	s ú j ɔ́
1993	to hit/beat	Bankan_Tey	sɔ́	s ɔ́
1994	to hit/beat	Nanga	súyɔ́	s ú j ɔ́
1995	to hit/beat	Nanga	jàrⁿá	dʒ à rⁿ á
1996	to hit/beat	Jamsay_Douentza	láɣá	l á ɣ á
1997	to hit/beat	Perge_Tegu	lágá	l á ɡ á
1998	to hit/beat	Gourou	láɣá	l á ɣ á
1999	to hit/beat	Togo_Kan	lágá	l á ɡ á
2000	to hit/beat	Yorno_So	lágá	l á ɡ á
2001	to hit/beat	Yorno_So	lágú	l á ɡ ú
2002	to hit/beat	Tommo_So	bɛ̀ndɛ́	b ɛ̀ n d ɛ́
2003	to hit/beat	Dogul_Dom	bùndé	b ù n d é
2004	to hit/beat	Tebul_Ure	púŋgó	p ú ŋ ɡ ó
2005	to hit/beat	Tebul_Ure	bùndó	b ù n d ó
2006	to hit/beat	Tebul_Ure	dɛ̀mɛ́	d ɛ̀ m ɛ́
2007	to hit/beat	Yanda_Dom	dèmɛ́	d è m ɛ́
2008	to hit/beat	Yanda_Dom	dèmàlí	d è m à l í
2009	to hit/beat	Najamba	pɛ́ndɛ́	p ɛ́ n d ɛ́
2010	to hit/beat	Najamba	dɛ̀njɛ́	d ɛ̀ n dʒ ɛ́
2011	to hit/beat	Tiranige	tɛ́wɔ́	t ɛ́ w ɔ́
2012	to hit/beat	Mombo	tɛ́búlɛ̀	t ɛ́ b ú l ɛ̀
2013	to hit/beat	Mombo	jání	dʒ á n í
2014	to hit/beat	Mombo	búndé	b ú n d é
2015	to hit/beat	Bunoge	númbè	n ú m b è
2016	to hit/beat	Penange	búndé	b ú n d é
1749	to know	Bangime	sórè	s ó r è
1750	to know	Ben_Tey	jùwɔ́	dʒ ù w ɔ́
1751	to know	Bankan_Tey	zùwá	z ù w á
1752	to know	Nanga	jùgɔ́	dʒ ù ɡ ɔ́
1753	to know	Jamsay_Douentza	jùgɔ́	dʒ ù ɡ ɔ́
1754	to know	Perge_Tegu	jùgɔ́	dʒ ù ɡ ɔ́
1755	to know	Jamsay_Mondoro	jùgɔ́	dʒ ù ɡ ɔ́
1756	to know	Yorno_So	jùgɔ́	dʒ ù ɡ ɔ́
1757	to know	Yorno_So	jùgɔ́	dʒ ù ɡ ɔ́
1758	to know	Dogul_Dom	tìgá	t ì ɡ á
1759	to know	Dogul_Dom	tìgìyɛ́	t ì ɡ ì j ɛ́
1760	to know	Tebul_Ure	zùgɔ́	z ù ɡ ɔ́
1761	to know	Yanda_Dom	zùwɔ́	z ù w ɔ́
1762	to know	Yanda_Dom	zùwàlí	z ù w à l í
1763	to know	Mombo	íɲámbó	í ɲ á m b ó
1764	to know	Penange	yáré	j á r é
1765	to know	Toro_Tegu	ùkú	ù k ú
1766	to know	Bangime	sórè	s ó r è
1767	to know	Togo_Kan	í:ⁿ wɔ̂	íːⁿ # w ɔ̂
1768	to know	Yorno_So	ígì	í ɡ ì
1769	to know	Tommo_So	íí	íː
1770	to know	Najamba	tígà	t í ɡ à
1771	to know	Tiranige	yèy	j è j
1772	to know	Ampari	ɛ́yⁿ	ɛ́ jⁿ
1773	to know	Bunoge	ʔɛ̀yⁿ	ʔ ɛ̀ jⁿ
1774	to know	Penange	ɛ́ɲɔ̀ bò	ɛ́ ɲ ɔ̀ # b ò
741	to laugh	Toro_Tegu	mɔ̌m	m ɔ̌ m
742	to laugh	Toro_Tegu	mɔ̌:	m ɔ̌ː
743	to laugh	Bangime	m máà	m # m âː
744	to laugh	Sangha_So	mǒj mɔ́nɛ́	m ǒ dʒ # m ɔ́ n ɛ́
745	to laugh	Ben_Tey	màní	m à n í
746	to laugh	Bankan_Tey	màní	m à n í
747	to laugh	Nanga	màndí	m à n d í
748	to laugh	Jamsay_Douentza	mɔ̀wⁿɔ́	m ɔ̀ wⁿ ɔ́
749	to laugh	Perge_Tegu	mɔ̌:ⁿ	m ɔ̌ːⁿ
750	to laugh	Gourou	mɔ̀wⁿɔ́	m ɔ̀ wⁿ ɔ́
751	to laugh	Jamsay_Mondoro	mɔ̀wⁿɔ́	m ɔ̀ wⁿ ɔ́
752	to laugh	Togo_Kan	mɔ̌:	m ɔ̌ː
753	to laugh	Yorno_So	mɔ̌:	m ɔ̌ː
754	to laugh	Yorno_So	mɔ̌:	m ɔ̌ː
755	to laugh	Tomo_Kan_Segue	mɔ̀mɛ̀	m ɔ̀ m ɛ̀
756	to laugh	Tomo_Kan_Diangassagou	mòmè	m ò m è
757	to laugh	Tommo_So	mòmó	m ò m ó
758	to laugh	Dogul_Dom	màndɛ́	m à n d ɛ́
759	to laugh	Tebul_Ure	màndí	m à n d í
760	to laugh	Yanda_Dom	màndú	m à n d ú
761	to laugh	Yanda_Dom	màndàlí	m à n d à l í
762	to laugh	Najamba	màndí	m à n d í
763	to laugh	Najamba	màndè	m à n d è
764	to laugh	Tiranige	mándó	m á n d ó
765	to laugh	Mombo	mándú mándè	m á n d ú # m á n d è
766	to laugh	Bunoge	mándè	m á n d è
767	to laugh	Penange	mándé	m á n d é
2093	to run	Toro_Tegu	zɔ̌w	z ɔ̌ w
2094	to run	Toro_Tegu	zɔ̌:	z ɔ̌ː
2095	to run	Bangime	tìɡɛ̀ré	t ì ɡ ɛ̀ r é
2096	to run	Sangha_So	dʒɔ̀bú	d ʒ ɔ̀ b ú
2097	to run	Ben_Tey	yɔ̀ɣɔ́	j ɔ̀ ɣ ɔ́
2098	to run	Bankan_Tey	yɔ̀wɔ́	j ɔ̀ w ɔ́
2099	to run	Nanga	yɔ̀gɔ́	j ɔ̀ ɡ ɔ́
2100	to run	Jamsay_Douentza	jɔ̀wɔ́	dʒ ɔ̀ w ɔ́
2101	to run	Perge_Tegu	jɔ̀wɔ́	dʒ ɔ̀ w ɔ́
2102	to run	Gourou	zɔ̀wɔ́	z ɔ̀ w ɔ́
2103	to run	Togo_Kan	jɔ̀wɔ́	dʒ ɔ̀ w ɔ́
2104	to run	Yorno_So	jɔ̀bɔ́	dʒ ɔ̀ b ɔ́
2105	to run	Yorno_So	jɔ̀bú	dʒ ɔ̀ b ú
2106	to run	Tommo_So	jɔ̀bɔ́	dʒ ɔ̀ b ɔ́
2107	to run	Dogul_Dom	jòbé	dʒ ò b é
2108	to run	Tebul_Ure	zòbɔ́	z ò b ɔ́
2109	to run	Yanda_Dom	zɔ̀bɔ́	z ɔ̀ b ɔ́
2110	to run	Yanda_Dom	zɔ̀bàlí	z ɔ̀ b à l í
2111	to run	Najamba	yɔ̀bɛ́	j ɔ̀ b ɛ́
2112	to run	Tiranige	dú:rúyó	d úː r ú j ó
2113	to run	Mombo	dúgúrè	d ú ɡ ú r è
2114	to run	Bunoge	dú:nì	d úː n ì
2115	to run	Penange	dúgúrè	d ú ɡ ú r è
1623	to say	Toro_Tegu	gá	ɡ á
1624	to say	Toro_Tegu	gá	ɡ á
1625	to say	Bangime	dìɡá	d ì ɡ á
1626	to say	Bangime	n níì	n # n îː
1627	to say	Ben_Tey	gǔyⁿ	ɡ ǔ jⁿ
1628	to say	Bankan_Tey	gùn	ɡ ù n
1629	to say	Nanga	kíyɛ́	k í j ɛ́
1630	to say	Jamsay_Douentza	gá:	ɡ áː
1631	to say	Jamsay_Douentza	gà	ɡ à
1632	to say	Jamsay_Douentza	jɛ̀	dʒ ɛ̀
1633	to say	Perge_Tegu	gá:	ɡ áː
1634	to say	Gourou	gɛ̀	ɡ ɛ̀
1635	to say	Jamsay_Mondoro	gá:	ɡ áː
1636	to say	Jamsay_Mondoro	jɛ̀	dʒ ɛ̀
1637	to say	Togo_Kan	pórù	p ó r ù
1638	to say	Togo_Kan	pɔ́nɔ́	p ɔ́ n ɔ́
1639	to say	Yorno_So	gɛ́	ɡ ɛ́
1640	to say	Yorno_So	gɛ́	ɡ ɛ́
1641	to say	Tommo_So	gɛ̀	ɡ ɛ̀
1642	to say	Dogul_Dom	gìnɛ́	ɡ ì n ɛ́
1643	to say	Dogul_Dom	pòlé	p ò l é
1644	to say	Tebul_Ure	tágá	t á ɡ á
1645	to say	Yanda_Dom	dǎm	d ǎ m
1646	to say	Yanda_Dom	dàmàlí	d à m à l í
1647	to say	Najamba	gìnɛ́	ɡ ì n ɛ́
1648	to say	Tiranige	gún	ɡ ú n
1649	to say	Ampari	nɛ́	n ɛ́
1650	to say	Bunoge	ʔúnɛ̀	ʔ ú n ɛ̀
1651	to say	Bunoge	tá:yè	t áː j è
1652	to say	Penange	dám	d á m
1775	to see	Toro_Tegu	wɔ́	w ɔ́
1776	to see	Toro_Tegu	wɔ́	w ɔ́
1777	to see	Bangime	jíɛ́	dʒ í ɛ́
1778	to see	Sangha_So	gágárá	ɡ á ɡ á r á
1779	to see	Ben_Tey	yǐ	j ǐ
1780	to see	Bankan_Tey	yí	j í
1781	to see	Nanga	yǐ:	j ǐː
1782	to see	Jamsay_Douentza	ɛ̌:	ɛ̌ː
1783	to see	Perge_Tegu	yɛ̌:	j ɛ̌ː
1784	to see	Perge_Tegu	yɛ̀rí	j ɛ̀ r í
1785	to see	Gourou	ɛ́:	ɛ́ː
1786	to see	Jamsay_Mondoro	ɛ̌:	ɛ̌ː
1787	to see	Togo_Kan	ɔ̌:	ɔ̌ː
1788	to see	Yorno_So	yé:	j éː
1789	to see	Yorno_So	yé:	j éː
1790	to see	Tommo_So	yɛ̀	j ɛ̀
1791	to see	Dogul_Dom	wɛ̀ɛ́	w ɛ̌ː
1792	to see	Tebul_Ure	yí	j í
1793	to see	Yanda_Dom	wɔ́	w ɔ́
1794	to see	Yanda_Dom	wàlí	w à l í
1795	to see	Najamba	yɛ́	j ɛ́
1796	to see	Najamba	yɛ̀	j ɛ̀
1797	to see	Tiranige	bálíyó	b á l í j ó
1798	to see	Mombo	mályê:	m á l j êː
1799	to see	Ampari	yô:	j ôː
1800	to see	Bunoge	tégè	t é ɡ è
1801	to see	Penange	málgè	m á l ɡ è
768	to stand	Toro_Tegu	ígú	í ɡ ú
769	to stand	Toro_Tegu	ígó	í ɡ ó
770	to stand	Bangime	dǐndá	d ǐ n d á
771	to stand	Sangha_So	íŋjɛ́	í ŋ dʒ ɛ́
772	to stand	Ben_Tey	í:yí	íː j í
773	to stand	Bankan_Tey	í:	íː
774	to stand	Nanga	í:yí	íː j í
775	to stand	Jamsay_Douentza	íjɛ́	í dʒ ɛ́
776	to stand	Perge_Tegu	ígíyɛ́	í ɡ í j ɛ́
777	to stand	Gourou	ígɛ́	í ɡ ɛ́
778	to stand	Jamsay_Mondoro	íjɛ́	í dʒ ɛ́
779	to stand	Togo_Kan	ìgî:	ì ɡ îː
780	to stand	Togo_Kan	ìgɛ́:	ì ɡ ɛ́ː
781	to stand	Yorno_So	íŋɛ́:	í ŋ ɛ́ː
782	to stand	Yorno_So	íŋí:	í ŋ íː
783	to stand	Tomo_Kan_Segue	ʔì:	ʔ ìː
784	to stand	Tomo_Kan_Diangassagou	ʔì:	ʔ ìː
785	to stand	Tommo_So	íŋíyɛ́	í ŋ í j ɛ́
786	to stand	Dogul_Dom	ìgɛ́	ì ɡ ɛ́
787	to stand	Tebul_Ure	íjjí:	í dʒ dʒ íː
788	to stand	Yanda_Dom	íŋgílɛ́	í ŋ ɡ í l ɛ́
789	to stand	Yanda_Dom	íŋgílálì	í ŋ ɡ í l á l ì
790	to stand	Najamba	íŋgíyɛ́	í ŋ ɡ í j ɛ́
791	to stand	Tiranige	ígíyó	í ɡ í j ó
792	to stand	Mombo	íŋgyɛ̂:	í ŋ ɡ j ɛ̂ː
793	to stand	Ampari	tíyò	t í j ò
794	to stand	Bunoge	ʔǐjjɛ̀	ʔ ǐ dʒ dʒ ɛ̀
795	to stand	Penange	ínjɛ̀	í n dʒ ɛ̀
1001	to suck	Toro_Tegu	ɔ́ⁿsú	ɔ́ⁿ s ú
1002	to suck	Toro_Tegu	ɔ́ⁿsɔ́	ɔ́ⁿ s ɔ́
1003	to suck	Bangime	ʒúmbárà	ʒ ú m b á r à
1004	to suck	Ben_Tey	ɔ́njí	ɔ́ n dʒ í
1005	to suck	Bankan_Tey	ɔ́zí	ɔ́ z í
1006	to suck	Nanga	ɔ́njí	ɔ́ n dʒ í
1007	to suck	Jamsay_Douentza	ɔ́ɲɔ́	ɔ́ ɲ ɔ́
1008	to suck	Perge_Tegu	ɔ́njɔ́	ɔ́ n dʒ ɔ́
1009	to suck	Gourou	ɔ́sɔ́	ɔ́ s ɔ́
1010	to suck	Jamsay_Mondoro	ɔ́ɲɔ́	ɔ́ ɲ ɔ́
1011	to suck	Togo_Kan	ɔ́ɲɔ́	ɔ́ ɲ ɔ́
1012	to suck	Yorno_So	ɔ́ɲɔ́	ɔ́ ɲ ɔ́
1013	to suck	Tomo_Kan_Segue	ʔɔ́njɛ́	ʔ ɔ́ n dʒ ɛ́
1014	to suck	Tommo_So	ɔ́njɔ́	ɔ́ n dʒ ɔ́
1015	to suck	Dogul_Dom	ɔ̀ɲjɛ́	ɔ̀ ɲ dʒ ɛ́
1016	to suck	Tebul_Ure	óndó	ó n d ó
1017	to suck	Yanda_Dom	úmzó	ú m z ó
1018	to suck	Yanda_Dom	úmzólì	ú m z ó l ì
1019	to suck	Najamba	ónjí	ó n dʒ í
1020	to suck	Tiranige	ónjó	ó n dʒ ó
1021	to suck	Mombo	mílɛ́	m í l ɛ́
1022	to suck	Bunoge	bɔ́njɛ̀	b ɔ́ n dʒ ɛ̀
1023	to suck	Penange	ɲɛ́:	ɲ ɛ́ː
1599	to take	Toro_Tegu	só	s ó
1600	to take	Toro_Tegu	só	s ó
1601	to take	Bangime	ɲáw	ɲ á w
1602	to take	Bangime	ʃíjɛ̀	ʃ í dʒ ɛ̀
1603	to take	Ben_Tey	àyí	à j í
1604	to take	Bankan_Tey	zɛ́	z ɛ́
1605	to take	Nanga	àyí	à j í
1606	to take	Nanga	ǎy	ǎ j
1607	to take	Jamsay_Douentza	yàŋá	j à ŋ á
1608	to take	Perge_Tegu	yɛ̀ŋgɛ́	j ɛ̀ ŋ ɡ ɛ́
1609	to take	Jamsay_Mondoro	yàŋá	j à ŋ á
1610	to take	Yorno_So	gèɲɛ́	ɡ è ɲ ɛ́
1611	to take	Tommo_So	jèɲɲé	dʒ è ɲ ɲ é
1612	to take	Dogul_Dom	jɛ̀ɛ́	dʒ ɛ̌ː
1613	to take	Dogul_Dom	yɛ̀ŋɛ́	j ɛ̀ ŋ ɛ́
1614	to take	Tebul_Ure	ɲǎ:	ɲ ǎː
1615	to take	Yanda_Dom	zɛ̀nɛ́	z ɛ̀ n ɛ́
1616	to take	Yanda_Dom	zɛ̀nàlí	z ɛ̀ n à l í
1617	to take	Yanda_Dom	tógó	t ó ɡ ó
1618	to take	Yanda_Dom	tó:	t óː
1619	to take	Najamba	jɛ́	dʒ ɛ́
1620	to take	Najamba	jɛ̀	dʒ ɛ̀
1621	to take	Bunoge	dúgɛ̀	d ú ɡ ɛ̀
1622	to take	Penange	nɛ́mɛ́	n ɛ́ m ɛ́
1940	to tie	Toro_Tegu	págú	p á ɡ ú
1941	to tie	Toro_Tegu	págá	p á ɡ á
1942	to tie	Bangime	bàà	b àː
1943	to tie	Ben_Tey	páɣá	p á ɣ á
1944	to tie	Bankan_Tey	pá:	p áː
1945	to tie	Nanga	págí	p á ɡ í
1946	to tie	Jamsay_Douentza	págá	p á ɡ á
1947	to tie	Jamsay_Douentza	págálì	p á ɡ á l ì
1948	to tie	Perge_Tegu	págá	p á ɡ á
1949	to tie	Gourou	páɣá	p á ɣ á
1950	to tie	Togo_Kan	págá	p á ɡ á
1951	to tie	Yorno_So	págá	p á ɡ á
1952	to tie	Yorno_So	págú	p á ɡ ú
1953	to tie	Yorno_So	kɔ́mɔ́	k ɔ́ m ɔ́
1954	to tie	Tommo_So	kɔ́mmɔ́	k ɔ́ m m ɔ́
1955	to tie	Dogul_Dom	kɔ̀mmɛ́	k ɔ̀ m m ɛ́
1956	to tie	Tebul_Ure	kɔ́mbú	k ɔ́ m b ú
1957	to tie	Yanda_Dom	kɔ́mɔ́	k ɔ́ m ɔ́
1958	to tie	Yanda_Dom	kɔ́málì	k ɔ́ m á l ì
1959	to tie	Najamba	págí	p á ɡ í
1960	to tie	Najamba	pàgè	p à ɡ è
1961	to tie	Tiranige	págó	p á ɡ ó
1962	to tie	Mombo	págé	p á ɡ é
1963	to tie	Bunoge	sɔ́jɛ̀	s ɔ́ dʒ ɛ̀
1964	to tie	Penange	sɔ́jɛ́	s ɔ́ dʒ ɛ́
636	tongue	Toro_Tegu	lèlá	l è l á
637	tongue	Bangime	n nɔ̀ɔ́ n jéréndɛ̀	n # n ɔ̌ː # n # dʒ é r é n d ɛ̀
638	tongue	Sangha_So	níínɛ́	n íː n ɛ́
639	tongue	Ben_Tey	lɛ̀mdɛ̂:	l ɛ̀ m d ɛ̂ː
640	tongue	Bankan_Tey	lɛ̀mbìrɛ̂	l ɛ̀ m b ì r ɛ̂
641	tongue	Nanga	nɛ́ndɛ̀	n ɛ́ n d ɛ̀
642	tongue	Jamsay_Douentza	nɛ̀nɛ́	n ɛ̀ n ɛ́
643	tongue	Perge_Tegu	lɛ̀lɛ́	l ɛ̀ l ɛ́
644	tongue	Gourou	nɛ̀nɛ́	n ɛ̀ n ɛ́
645	tongue	Jamsay_Mondoro	nɛ̀nɛ́	n ɛ̀ n ɛ́
646	tongue	Togo_Kan	nɛ́nɛ́	n ɛ́ n ɛ́
647	tongue	Yorno_So	nɛ́nɛ́	n ɛ́ n ɛ́
648	tongue	Yorno_So	nɛ̀nɛ̌:	n ɛ̀ n ɛ̌ː
649	tongue	Tomo_Kan_Segue	yɛ̀rɛ̀dɛ̀ⁿ	j ɛ̀ r ɛ̀ d ɛ̀ⁿ
650	tongue	Tomo_Kan_Diangassagou	lɛ̀rdɛ̀ⁿ	l ɛ̀ r d ɛ̀ⁿ
651	tongue	Tommo_So	nííndɛ́	n íː n d ɛ́
652	tongue	Dogul_Dom	nɛ̀ɛ̀ndá	n ɛ̀ː n d á
653	tongue	Tebul_Ure	nɛ́ndɛ́	n ɛ́ n d ɛ́
654	tongue	Yanda_Dom	nɛ̀mdà	n ɛ̀ m d à
655	tongue	Najamba	nɛ̌ndɔ̀:	n ɛ̌ n d ɔ̀ː
656	tongue	Najamba	nɛ̌ndɛ̀:	n ɛ̌ n d ɛ̀ː
657	tongue	Tiranige	nɛ́:ndɛ̀	n ɛ́ː n d ɛ̀
658	tongue	Mombo	nè:ndé	n èː n d é
659	tongue	Ampari	ɛ̌:ⁿtìyɛ̀	ɛ̌ːⁿ t ì j ɛ̀
660	tongue	Bunoge	dɛ̀ndɛ̀bè	d ɛ̀ n d ɛ̀ b è
661	tongue	Penange	nɛ̀mdɛ̀	n ɛ̀ m d ɛ̀
687	tooth	Toro_Tegu	jìrⁿó	dʒ ì rⁿ ó
688	tooth	Bangime	n nɔ́ɔ̀ ŋɔ́ síìⁿ	n # n ɔ̂ː # ŋ ɔ́ # s îːⁿ
689	tooth	Sangha_So	tɔ́rⁿú	t ɔ́ rⁿ ú
690	tooth	Ben_Tey	ìrⁿú	ì rⁿ ú
691	tooth	Ben_Tey	ìrⁿí	ì rⁿ í
692	tooth	Bankan_Tey	ŋìrⁿɛ́	ŋ ì rⁿ ɛ́
693	tooth	Bankan_Tey	ɲìrⁿɛ́	ɲ ì rⁿ ɛ́
694	tooth	Nanga	ǹnɛ́	ǹ n ɛ́
695	tooth	Nanga	ìnɛ́	ì n ɛ́
696	tooth	Nanga	ìrⁿɛ́	ì rⁿ ɛ́
697	tooth	Jamsay_Douentza	ìrⁿé	ì rⁿ é
698	tooth	Perge_Tegu	ìrⁿé	ì rⁿ é
699	tooth	Gourou	ìrⁿé	ì rⁿ é
700	tooth	Jamsay_Mondoro	èrⁿé	è rⁿ é
701	tooth	Togo_Kan	ìrⁿí	ì rⁿ í
702	tooth	Yorno_So	ɛ̌n	ɛ̌ n
703	tooth	Tomo_Kan_Segue	ʔìnì	ʔ ì n ì
704	tooth	Tomo_Kan_Diangassagou	ʔìnì	ʔ ì n ì
705	tooth	Tommo_So	ìnú	ì n ú
706	tooth	Dogul_Dom	íínò	íː n ò
707	tooth	Tebul_Ure	ìnú	ì n ú
708	tooth	Tebul_Ure	ǐn	ǐ n
709	tooth	Yanda_Dom	ìn	ì n
710	tooth	Najamba	ìnɔ̌:	ì n ɔ̌ː
711	tooth	Najamba	ìnɛ̌:	ì n ɛ̌ː
712	tooth	Tiranige	íníŋgé	í n í ŋ ɡ é
713	tooth	Mombo	ínnì	í n n ì
714	tooth	Ampari	kéndá	k é n d á
715	tooth	Bunoge	ʔínì	ʔ í n ì
716	tooth	Penange	ìnì	ì n ì
950	water	Toro_Tegu	ní	n í
951	water	Bangime	ɥíɛ̀	ɥ í ɛ̀
952	water	Sangha_So	díí	d íː
953	water	Ben_Tey	nî:	n îː
954	water	Bankan_Tey	nî:	n îː
955	water	Nanga	nî:	n îː
956	water	Jamsay_Douentza	ní:	n íː
957	water	Perge_Tegu	ní:	n íː
958	water	Gourou	ní:	n íː
959	water	Jamsay_Mondoro	ní:	n íː
960	water	Togo_Kan	dí:	d íː
961	water	Yorno_So	dǐ:	d ǐː
962	water	Tomo_Kan_Segue	jí:	dʒ íː
963	water	Tommo_So	díí	d íː
964	water	Dogul_Dom	ʔɲ́ì	ʔ ɲ́ ì
965	water	Dogul_Dom	ʔɲ́ù	ʔ ɲ́ ù
966	water	Tebul_Ure	ínjé	í n dʒ é
967	water	Yanda_Dom	ínjú	í n dʒ ú
968	water	Najamba	íŋgé	í ŋ ɡ é
969	water	Najamba	íŋgé	í ŋ ɡ é
970	water	Najamba	ínjé	í n dʒ é
971	water	Najamba	ínjé	í n dʒ é
972	water	Tiranige	mí:	m íː
973	water	Mombo	mî:	m îː
974	water	Ampari	mí:	m íː
975	water	Bunoge	gɔ́	ɡ ɔ́
976	water	Penange	mì:	m ìː
1701	what?	Toro_Tegu	yé	j é
1702	what?	Bangime	nɛ́ ʃìⁿ	n ɛ́ # ʃ ìⁿ
1703	what?	Ben_Tey	ǹjé	ǹ dʒ é
1704	what?	Bankan_Tey	ǹjé	ǹ dʒ é
1705	what?	Nanga	kɔ̀ɲɛ́	k ɔ̀ ɲ ɛ́
1706	what?	Nanga	ǹɲɛ́	ǹ ɲ ɛ́
1707	what?	Jamsay_Douentza	ìɲé	ì ɲ é
1708	what?	Perge_Tegu	ìnjé	ì n dʒ é
1709	what?	Togo_Kan	ìŋé	ì ŋ é
1710	what?	Yorno_So	ǹjɛ́	ǹ dʒ ɛ́
1711	what?	Tommo_So	ńjɛ́	ń dʒ ɛ́
1712	what?	Dogul_Dom	ŋ̀gó	ŋ̀ ɡ ó
1713	what?	Tebul_Ure	ìnjé	ì n dʒ é
1714	what?	Tebul_Ure	cìnjé	tʃ ì n dʒ é
1715	what?	Yanda_Dom	ʔə̀ɲè	ʔ ə̀ ɲ è
1716	what?	Yanda_Dom	cìʔə̀ɲè	tʃ ì ʔ ə̀ ɲ è
1717	what?	Najamba	yèŋgé	j è ŋ ɡ é
1718	what?	Tiranige	ndégé	n d é ɡ é
1719	what?	Mombo	ínjè	í n dʒ è
1720	what?	Ampari	ìnjɛ́	ì n dʒ ɛ́
1721	what?	Bunoge	ʔèbégè	ʔ è b é ɡ è
1722	what?	Penange	njɛ̀	n dʒ ɛ̀
1681	who?	Toro_Tegu	àyé	à j é
1682	who?	Bangime	já	dʒ á
1683	who?	Ben_Tey	ǎm	ǎ m
1684	who?	Bankan_Tey	ǎm	ǎ m
1685	who?	Nanga	ǎŋ	ǎ ŋ
1686	who?	Jamsay_Douentza	ǎ:	ǎː
1687	who?	Jamsay_Douentza	ìlá:	ì l áː
1688	who?	Perge_Tegu	ǎ:	ǎː
1689	who?	Togo_Kan	ǎ:	ǎː
1690	who?	Yorno_So	ǎ:	ǎː
1691	who?	Tommo_So	áá	áː
1692	who?	Dogul_Dom	ámí	á m í
1693	who?	Tebul_Ure	àḿ	à ḿ
1694	who?	Yanda_Dom	àm	à m
1695	who?	Najamba	ǎm	ǎ m
1696	who?	Tiranige	à:	àː
1697	who?	Mombo	á:	áː
1698	who?	Ampari	wà:	w àː
1699	who?	Bunoge	ʔà:yè	ʔ àː j è
1700	who?	Penange	à:	àː
2302	wide	Toro_Tegu	pótó	p ó t ó
2303	wide	Bangime	téŋɡò	t é ŋ ɡ ò
2304	wide	Sangha_So	ùsí	ù s í
2305	wide	Ben_Tey	káwàw	k á w à w
2306	wide	Bankan_Tey	káwⁿáwⁿ	k á wⁿ á wⁿ
2307	wide	Nanga	gâw	ɡ â w
2308	wide	Jamsay_Douentza	wá:	w áː
2309	wide	Perge_Tegu	wáy	w á j
2310	wide	Togo_Kan	wá:	w áː
2311	wide	Yorno_So	wán	w á n
2312	wide	Tommo_So	wánnú	w á n n ú
2313	wide	Tebul_Ure	wàyɛ́	w à j ɛ́
2314	wide	Tebul_Ure	wǎygɔ́	w ǎ j ɡ ɔ́
2315	wide	Yanda_Dom	wàyⁿ	w à jⁿ
2316	wide	Najamba	wàyáŋgé	w à j á ŋ ɡ é
2317	wide	Najamba	wàyɛ́:	w à j ɛ́ː
2318	wide	Tiranige	báy	b á j
2319	wide	Mombo	bámbá	b á m b á
2320	wide	Bunoge	bàmbà	b à m b à
2321	wide	Penange	bámbá	b á m b á
1361	wind	Toro_Tegu	zámà	z á m à
1362	wind	Bangime	péʋɛ̀rɛ̀	p é ʋ ɛ̀ r ɛ̀
1363	wind	Sangha_So	óɲó	ó ɲ ó
1364	wind	Ben_Tey	ó:sò	óː s ò
1365	wind	Bankan_Tey	ósósô:	ó s ó s ôː
1366	wind	Nanga	úsúrⁿò	ú s ú rⁿ ò
1367	wind	Nanga	úsúrⁿɔ̀	ú s ú rⁿ ɔ̀
1368	wind	Jamsay_Douentza	ó:ɲó	óː ɲ ó
1369	wind	Perge_Tegu	ó:njó	óː n dʒ ó
1370	wind	Gourou	ó:só	óː s ó
1371	wind	Jamsay_Mondoro	ó:ɲó	óː ɲ ó
1372	wind	Togo_Kan	ó:ɲó	óː ɲ ó
1373	wind	Yorno_So	óɲɔ́	ó ɲ ɔ́
1374	wind	Tommo_So	ódóró	ó d ó r ó
1375	wind	Dogul_Dom	ɛ́nnɛ̀	ɛ́ n n ɛ̀
1376	wind	Tebul_Ure	ídá	í d á
1377	wind	Yanda_Dom	ɛ́nɛ́n	ɛ́ n ɛ́ n
1378	wind	Yanda_Dom	ɛ́nɛ́ŋ	ɛ́ n ɛ́ ŋ
1379	wind	Najamba	énánáŋgó	é n á n á ŋ ɡ ó
1380	wind	Najamba	énáné: = ɛ́nɛ́nɛ́:	é n á n éː # # ɛ́ n ɛ́ n ɛ́ː
1381	wind	Najamba	énáŋgó	é n á ŋ ɡ ó
1382	wind	Najamba	ɛ́nɛ́:	ɛ́ n ɛ́ː
1383	wind	Tiranige	ìɲìnɛ̀	ì ɲ ì n ɛ̀
1384	wind	Mombo	yálé	j á l é
1385	wind	Ampari	ɛ̀rɛ̀rì	ɛ̀ r ɛ̀ r ì
1386	wind	Bunoge	yàlè	j à l è
1387	wind	Penange	yàlè	j à l è
819	wing	Toro_Tegu	jɛ̀tá	dʒ ɛ̀ t á
820	wing	Bangime	kǔwò	k ǔ w ò
821	wing	Sangha_So	gámúrú	ɡ á m ú r ú
822	wing	Ben_Tey	gámjá	ɡ á m dʒ á
823	wing	Bankan_Tey	jɛ̀ndɛ̂:	dʒ ɛ̀ n d ɛ̂ː
824	wing	Nanga	kàkásâ	k à k á s â
825	wing	Nanga	jɛ̀rɛ́	dʒ ɛ̀ r ɛ́
826	wing	Jamsay_Douentza	gámɲú	ɡ á m ɲ ú
827	wing	Perge_Tegu	gámjá	ɡ á m dʒ á
828	wing	Gourou	gámsá	ɡ á m s á
829	wing	Jamsay_Mondoro	gámɲú	ɡ á m ɲ ú
830	wing	Togo_Kan	gáɲá	ɡ á ɲ á
831	wing	Yorno_So	gámìrù	ɡ á m ì r ù
832	wing	Tomo_Kan_Segue	gànjá	ɡ à n dʒ á
833	wing	Tommo_So	kákárú	k á k á r ú
834	wing	Dogul_Dom	gáámbùrù	ɡ áː m b ù r ù
835	wing	Tebul_Ure	kákárá	k á k á r á
836	wing	Yanda_Dom	kàgádà	k à ɡ á d à
837	wing	Najamba	kàkàrâ:	k à k à r âː
838	wing	Najamba	kàkàrɛ̂:	k à k à r ɛ̂ː
839	wing	Tiranige	pɛ̀nɛ̀pɛ̀nɛ̀	p ɛ̀ n ɛ̀ p ɛ̀ n ɛ̀
840	wing	Mombo	kárákárá	k á r á k á r á
841	wing	Bunoge	gúbà	ɡ ú b à
842	wing	Penange	gùbà	ɡ ù b à
1268	wood	Toro_Tegu	tìrⁿú	t ì rⁿ ú
1269	wood	Bangime	síɛ̀	s í ɛ̀
1270	wood	Sangha_So	tírⁿú	t í rⁿ ú
1271	wood	Ben_Tey	tìrⁿú	t ì rⁿ ú
1272	wood	Ben_Tey	tìrⁿí	t ì rⁿ í
1273	wood	Bankan_Tey	tǐn	t ǐ n
1274	wood	Nanga	tìrⁿí	t ì rⁿ í
1275	wood	Jamsay_Douentza	tǐn	t ǐ n
1276	wood	Perge_Tegu	tìrⁿí	t ì rⁿ í
1277	wood	Gourou	tǐn	t ǐ n
1278	wood	Togo_Kan	tǐⁿ	t ǐⁿ
1279	wood	Yorno_So	tǐn	t ǐ n
1280	wood	Tommo_So	tìnú	t ì n ú
1281	wood	Dogul_Dom	bèég	b ěː ɡ
1282	wood	Dogul_Dom	tééŋ	t éː ŋ
1283	wood	Tebul_Ure	tìnɛ̌:	t ì n ɛ̌ː
1284	wood	Yanda_Dom	té:	t éː
1285	wood	Najamba	té:ŋgó	t éː ŋ ɡ ó
1286	wood	Najamba	té:	t éː
1287	wood	Tiranige	tè:ŋgè	t èː ŋ ɡ è
1288	wood	Mombo	té:ŋgé	t éː ŋ ɡ é
1289	wood	Bunoge	tè:ŋgè	t èː ŋ ɡ è
1290	wood	Penange	té:ŋgé	t éː ŋ ɡ é
1525	yesterday	Toro_Tegu	yá:	j áː
1526	yesterday	Bangime	nnìɛ̀	n n ì ɛ̀
1527	yesterday	Sangha_So	jáá	dʒ áː
1528	yesterday	Ben_Tey	yéŋgù	j é ŋ ɡ ù
1529	yesterday	Ben_Tey	yêŋ	j ê ŋ
1530	yesterday	Bankan_Tey	yéŋgì	j é ŋ ɡ ì
1531	yesterday	Nanga	yéŋìrⁿì:	j é ŋ ì rⁿ ìː
1532	yesterday	Jamsay_Douentza	yá:	j áː
1533	yesterday	Perge_Tegu	yá:	j áː
1534	yesterday	Gourou	yá:	j áː
1535	yesterday	Togo_Kan	yá:	j áː
1536	yesterday	Yorno_So	yá:	j áː
1537	yesterday	Tommo_So	yáá	j áː
1538	yesterday	Dogul_Dom	nìŋáá	n ì ŋ áː
1539	yesterday	Tebul_Ure	yéŋgì	j é ŋ ɡ ì
1540	yesterday	Yanda_Dom	nìŋà:	n ì ŋ àː
1541	yesterday	Yanda_Dom	nìŋà: gá	n ì ŋ àː # ɡ á
1542	yesterday	Najamba	ɲǎ:	ɲ ǎː
1543	yesterday	Tiranige	níŋá	n í ŋ á
1544	yesterday	Bunoge	yá:gù	j áː ɡ ù
1545	yesterday	Penange	yà:gù	j àː ɡ ù
